latitude,longitude,bright_ti4,scan,track,acq_date,acq_time,satellite,instrument,confidence,version,bright_ti5,frp,daynight
20.81173,-156.50966,339.3,0.73,0.76,2024-11-15,34,N,VIIRS,n,2.0NRT,295.81,6.24,D
71.86745,71.83591,330.68,0.6,0.53,2024-11-15,56,N,VIIRS,n,2.0NRT,248.51,5.23,N
58.61324,31.22731,338.17,0.42,0.45,2024-11-15,102,N,VIIRS,n,2.0NRT,279.17,5.67,N
64.64285,24.42303,300.61,0.38,0.36,2024-11-15,102,N,VIIRS,n,2.0NRT,268.95,1.26,N
64.64599,24.42578,310.42,0.38,0.36,2024-11-15,102,N,VIIRS,n,2.0NRT,270.6,1.26,N
51.46307,6.74501,296.1,0.44,0.46,2024-11-15,104,N,VIIRS,n,2.0NRT,278.82,0.76,N
51.46354,6.73863,296.41,0.44,0.46,2024-11-15,104,N,VIIRS,n,2.0NRT,278.39,0.76,N
51.48303,6.71011,295.57,0.44,0.46,2024-11-15,104,N,VIIRS,n,2.0NRT,276.51,1.13,N
51.48731,6.71098,306.19,0.44,0.46,2024-11-15,104,N,VIIRS,n,2.0NRT,280.54,1.13,N
51.48964,6.73737,315.94,0.44,0.46,2024-11-15,104,N,VIIRS,n,2.0NRT,278.64,1.58,N
51.49391,6.73824,297.84,0.44,0.46,2024-11-15,104,N,VIIRS,n,2.0NRT,278.32,1.58,N
51.49916,6.72624,295.42,0.44,0.46,2024-11-15,104,N,VIIRS,n,2.0NRT,279.2,1.32,N
53.39591,-1.38793,296.71,0.49,0.65,2024-11-15,104,N,VIIRS,n,2.0NRT,274.25,0.59,N
53.52143,18.83833,303.47,0.39,0.36,2024-11-15,104,N,VIIRS,n,2.0NRT,270.3,0.77,N
53.56876,-0.60241,315.1,0.46,0.63,2024-11-15,104,N,VIIRS,n,2.0NRT,275.4,1.94,N
58.27818,6.89268,318.89,0.5,0.49,2024-11-15,104,N,VIIRS,n,2.0NRT,275.57,3.05,N
45.12354,25.41975,306.91,0.32,0.55,2024-11-15,106,N,VIIRS,n,2.0NRT,272.29,0.71,N
45.14566,9.94589,298.73,0.43,0.38,2024-11-15,106,N,VIIRS,n,2.0NRT,277.55,1.72,N
45.14635,9.94044,322.45,0.43,0.38,2024-11-15,106,N,VIIRS,n,2.0NRT,279.5,1.72,N
45.38092,11.94917,305.94,0.39,0.36,2024-11-15,106,N,VIIRS,n,2.0NRT,277.1,1.24,N
45.46083,10.45577,302.75,0.42,0.38,2024-11-15,106,N,VIIRS,n,2.0NRT,277.39,1.21,N
45.47845,10.2099,313.79,0.42,0.38,2024-11-15,106,N,VIIRS,n,2.0NRT,277.59,1.44,N
45.50953,10.24605,302,0.42,0.38,2024-11-15,106,N,VIIRS,n,2.0NRT,277.9,1.22,N
46.22969,13.07431,304.79,0.39,0.36,2024-11-15,106,N,VIIRS,n,2.0NRT,274.31,0.71,N
46.42229,14.09544,304.75,0.38,0.36,2024-11-15,106,N,VIIRS,n,2.0NRT,272.34,1.11,N
51.04478,2.32302,300.09,0.33,0.56,2024-11-15,106,N,VIIRS,n,2.0NRT,278.43,0.81,N
51.04498,2.31815,301.06,0.33,0.56,2024-11-15,106,N,VIIRS,n,2.0NRT,277.35,1.26,N
37.0451,14.29137,329.14,0.45,0.39,2024-11-15,109,N,VIIRS,n,2.0NRT,284.6,2.72,N
37.21117,15.16727,298.04,0.49,0.4,2024-11-15,109,N,VIIRS,n,2.0NRT,287.94,1.25,N
37.50579,15.02144,305.04,0.48,0.4,2024-11-15,109,N,VIIRS,n,2.0NRT,282.96,0.92,N
38.72969,26.93221,295.18,0.57,0.69,2024-11-15,109,N,VIIRS,n,2.0NRT,282,0.95,N
38.74578,26.94797,298.98,0.57,0.69,2024-11-15,109,N,VIIRS,n,2.0NRT,282.59,2.21,N
38.7497,26.93524,304.83,0.57,0.69,2024-11-15,109,N,VIIRS,n,2.0NRT,282.64,2.11,N
39.21346,8.40425,296.95,0.42,0.38,2024-11-15,109,N,VIIRS,n,2.0NRT,286.28,0.7,N
40.51744,17.20681,316.82,0.52,0.42,2024-11-15,109,N,VIIRS,n,2.0NRT,283.34,2.66,N
40.51929,17.2071,314.68,0.52,0.42,2024-11-15,109,N,VIIRS,n,2.0NRT,283.64,2.22,N
40.55778,9.6717,300.62,0.4,0.37,2024-11-15,109,N,VIIRS,n,2.0NRT,283.48,0.82,N
42.00795,12.71622,309.88,0.39,0.36,2024-11-15,109,N,VIIRS,n,2.0NRT,278.06,1.18,N
43.43458,4.89219,296.39,0.43,0.46,2024-11-15,109,N,VIIRS,n,2.0NRT,278.21,0.94,N
43.4426,4.89902,313.14,0.43,0.46,2024-11-15,109,N,VIIRS,n,2.0NRT,277.8,1.1,N
43.44684,4.89972,312.92,0.43,0.46,2024-11-15,109,N,VIIRS,n,2.0NRT,278.4,1.11,N
43.51931,-5.73163,299.41,0.73,0.76,2024-11-15,109,N,VIIRS,n,2.0NRT,279.28,2.87,N
43.52351,-5.73726,312.51,0.73,0.76,2024-11-15,109,N,VIIRS,n,2.0NRT,280.9,3.41,N
43.52355,-5.72783,325.8,0.73,0.76,2024-11-15,109,N,VIIRS,n,2.0NRT,280.72,3.41,N
43.52645,-5.73161,325.92,0.73,0.76,2024-11-15,109,N,VIIRS,n,2.0NRT,281.65,2.87,N
43.53742,-5.83129,308.56,0.74,0.76,2024-11-15,109,N,VIIRS,n,2.0NRT,279.52,1.88,N
43.53986,-5.83523,295.1,0.74,0.76,2024-11-15,109,N,VIIRS,n,2.0NRT,279.9,1.7,N
43.53996,-5.82451,295.38,0.74,0.76,2024-11-15,109,N,VIIRS,n,2.0NRT,279.55,0.95,N
26.03275,11.9766,322.5,0.52,0.41,2024-11-15,111,N,VIIRS,n,2.0NRT,285.67,2.01,N
27.58161,18.46921,337.93,0.38,0.59,2024-11-15,111,N,VIIRS,n,2.0NRT,283.18,2.84,N
27.58309,22.40698,331.66,0.64,0.72,2024-11-15,111,N,VIIRS,n,2.0NRT,283.63,5.4,N
27.58485,22.4005,316.66,0.64,0.72,2024-11-15,111,N,VIIRS,n,2.0NRT,283.17,6.24,N
27.64433,22.48328,318.23,0.65,0.73,2024-11-15,111,N,VIIRS,n,2.0NRT,283.37,2.56,N
27.64556,22.50483,326.77,0.65,0.73,2024-11-15,111,N,VIIRS,n,2.0NRT,284.55,4.95,N
27.64611,22.47681,304.77,0.65,0.73,2024-11-15,111,N,VIIRS,n,2.0NRT,282.83,2.56,N
27.64714,22.48587,311.88,0.65,0.73,2024-11-15,111,N,VIIRS,n,2.0NRT,283.29,4.62,N
27.64732,22.4984,317.16,0.65,0.73,2024-11-15,111,N,VIIRS,n,2.0NRT,285.58,6.48,N
27.64848,22.50751,307.14,0.65,0.73,2024-11-15,111,N,VIIRS,n,2.0NRT,284.19,3.69,N
27.64887,22.47939,317.41,0.65,0.73,2024-11-15,111,N,VIIRS,n,2.0NRT,283.41,3.68,N
27.6502,22.50107,320.77,0.65,0.73,2024-11-15,111,N,VIIRS,n,2.0NRT,284.96,3.69,N
27.80959,22.43478,305.21,0.64,0.72,2024-11-15,111,N,VIIRS,n,2.0NRT,282.98,1.56,N
27.81606,22.43704,299.04,0.64,0.72,2024-11-15,111,N,VIIRS,n,2.0NRT,283.48,1.56,N
27.9852,19.90665,346.72,0.45,0.63,2024-11-15,111,N,VIIRS,n,2.0NRT,284.61,5.33,N
27.98532,22.32285,331.58,0.62,0.72,2024-11-15,111,N,VIIRS,n,2.0NRT,284.44,4.04,N
27.98627,19.90552,348.28,0.45,0.63,2024-11-15,111,N,VIIRS,n,2.0NRT,285.32,5.91,N
27.98943,22.32378,330.75,0.62,0.72,2024-11-15,111,N,VIIRS,n,2.0NRT,283.83,4.4,N
28.05658,19.91508,354.87,0.45,0.63,2024-11-15,111,N,VIIRS,n,2.0NRT,287.05,12.15,N
28.05772,19.91049,348.55,0.45,0.63,2024-11-15,111,N,VIIRS,n,2.0NRT,284.29,14.56,N
28.10305,19.25504,296.35,0.41,0.61,2024-11-15,111,N,VIIRS,n,2.0NRT,283.13,0.7,N
28.10406,19.25088,306.71,0.41,0.61,2024-11-15,111,N,VIIRS,n,2.0NRT,281.82,0.7,N
28.12761,18.7902,319.36,0.39,0.59,2024-11-15,111,N,VIIRS,n,2.0NRT,282.58,1.23,N
28.12957,18.78898,308.7,0.39,0.59,2024-11-15,111,N,VIIRS,n,2.0NRT,282.44,1.13,N
28.45399,19.5212,308.54,0.42,0.61,2024-11-15,111,N,VIIRS,n,2.0NRT,282.1,0.95,N
28.58083,17.33097,318.47,0.62,0.54,2024-11-15,111,N,VIIRS,n,2.0NRT,283.08,2.97,N
28.58144,17.33117,319.25,0.62,0.54,2024-11-15,111,N,VIIRS,n,2.0NRT,282.74,3.42,N
28.68713,19.63581,317.56,0.42,0.61,2024-11-15,111,N,VIIRS,n,2.0NRT,282.96,2.3,N
28.68915,19.63851,319.33,0.42,0.61,2024-11-15,111,N,VIIRS,n,2.0NRT,283.91,1.73,N
28.69134,22.37791,297.89,0.6,0.71,2024-11-15,111,N,VIIRS,n,2.0NRT,283.07,1.16,N
28.69299,22.37183,295.95,0.6,0.71,2024-11-15,111,N,VIIRS,n,2.0NRT,282.95,1.16,N
28.70447,21.3819,298.32,0.53,0.67,2024-11-15,111,N,VIIRS,n,2.0NRT,284.05,0.75,N
28.71049,21.38396,305.95,0.53,0.67,2024-11-15,111,N,VIIRS,n,2.0NRT,283.77,1.55,N
28.71152,21.4547,333.73,0.53,0.67,2024-11-15,111,N,VIIRS,n,2.0NRT,286.06,4.16,N
28.71238,21.38432,317.16,0.53,0.67,2024-11-15,111,N,VIIRS,n,2.0NRT,284.32,1.71,N
28.759,19.64432,334.39,0.42,0.61,2024-11-15,111,N,VIIRS,n,2.0NRT,280.75,2.61,N
28.76447,19.64618,348.07,0.42,0.61,2024-11-15,111,N,VIIRS,n,2.0NRT,283.04,4.14,N
28.78674,22.45881,295.08,0.61,0.71,2024-11-15,111,N,VIIRS,n,2.0NRT,283.28,0.94,N
28.82029,22.25916,312.94,0.59,0.7,2024-11-15,111,N,VIIRS,n,2.0NRT,283.77,1.62,N
28.82505,17.38539,311.31,0.62,0.54,2024-11-15,111,N,VIIRS,n,2.0NRT,281.29,1.91,N
28.83032,21.32477,298.01,0.52,0.67,2024-11-15,111,N,VIIRS,n,2.0NRT,283.31,0.92,N
28.83152,21.3213,298.6,0.52,0.67,2024-11-15,111,N,VIIRS,n,2.0NRT,283.23,0.93,N
28.83555,22.12225,319.45,0.58,0.7,2024-11-15,111,N,VIIRS,n,2.0NRT,284.09,2.02,N
28.83665,22.12329,315.4,0.58,0.7,2024-11-15,111,N,VIIRS,n,2.0NRT,284.29,2.72,N
28.86987,21.22416,321.83,0.51,0.66,2024-11-15,111,N,VIIRS,n,2.0NRT,284.27,1.76,N
28.89199,20.96087,346.56,0.5,0.65,2024-11-15,111,N,VIIRS,n,2.0NRT,285.53,4.86,N
28.89289,20.96534,296.58,0.5,0.65,2024-11-15,111,N,VIIRS,n,2.0NRT,283.71,1.9,N
28.89421,20.96035,329.58,0.49,0.65,2024-11-15,111,N,VIIRS,n,2.0NRT,285.32,4.06,N
28.89786,20.96286,295.34,0.5,0.65,2024-11-15,111,N,VIIRS,n,2.0NRT,283.98,3.78,N
28.9014,20.95733,315.02,0.49,0.65,2024-11-15,111,N,VIIRS,n,2.0NRT,283.85,4.06,N
28.9027,20.95237,345.71,0.49,0.65,2024-11-15,111,N,VIIRS,n,2.0NRT,284.94,7.68,N
28.90438,19.77706,297.82,0.42,0.61,2024-11-15,111,N,VIIRS,n,2.0NRT,285.23,9.59,N
28.90548,19.7727,316.74,0.42,0.61,2024-11-15,111,N,VIIRS,n,2.0NRT,283.48,9.59,N
28.90628,20.95487,367,0.49,0.65,2024-11-15,111,N,VIIRS,h,2.0NRT,287.28,10.58,N
28.90665,19.76802,322.92,0.42,0.61,2024-11-15,111,N,VIIRS,n,2.0NRT,283.75,8.64,N
28.90727,20.9593,298.13,0.49,0.65,2024-11-15,111,N,VIIRS,n,2.0NRT,284.57,1.65,N
28.90857,20.95435,339.46,0.49,0.65,2024-11-15,111,N,VIIRS,n,2.0NRT,285.28,4.72,N
28.90959,20.96687,297.51,0.5,0.65,2024-11-15,111,N,VIIRS,n,2.0NRT,284.4,0.78,N
28.90986,19.77899,333.33,0.42,0.61,2024-11-15,111,N,VIIRS,n,2.0NRT,285.16,9.59,N
28.91095,19.77464,367,0.42,0.61,2024-11-15,111,N,VIIRS,h,2.0NRT,295.64,9.59,N
28.91182,20.96629,299.09,0.49,0.65,2024-11-15,111,N,VIIRS,n,2.0NRT,284.59,1.65,N
28.91207,19.77016,334.89,0.42,0.61,2024-11-15,111,N,VIIRS,n,2.0NRT,285.97,8.64,N
28.97428,17.46391,323.27,0.62,0.54,2024-11-15,111,N,VIIRS,n,2.0NRT,283.45,3.53,N
29.03425,20.78765,320.97,0.48,0.65,2024-11-15,111,N,VIIRS,n,2.0NRT,283.8,2.21,N
29.03549,20.78276,295.72,0.48,0.65,2024-11-15,111,N,VIIRS,n,2.0NRT,283.73,2.16,N
29.04004,20.7896,341.46,0.48,0.65,2024-11-15,111,N,VIIRS,n,2.0NRT,285.36,4.99,N
29.04129,20.78473,314.94,0.48,0.65,2024-11-15,111,N,VIIRS,n,2.0NRT,284.45,5.4,N
29.05412,20.78379,301.83,0.48,0.65,2024-11-15,111,N,VIIRS,n,2.0NRT,283.39,0.8,N
29.0564,20.78535,306.14,0.48,0.65,2024-11-15,111,N,VIIRS,n,2.0NRT,283.86,0.89,N
29.06898,19.06121,319,0.38,0.59,2024-11-15,111,N,VIIRS,n,2.0NRT,282.32,2.04,N
29.06965,19.06388,335.44,0.38,0.59,2024-11-15,111,N,VIIRS,n,2.0NRT,283.36,4.16,N
29.0706,19.06001,367,0.38,0.59,2024-11-15,111,N,VIIRS,h,2.0NRT,284.54,6.51,N
29.07493,19.06557,317.93,0.38,0.59,2024-11-15,111,N,VIIRS,n,2.0NRT,282.82,4.16,N
29.07588,19.06172,340,0.38,0.59,2024-11-15,111,N,VIIRS,n,2.0NRT,284.81,6.51,N
29.14583,21.45406,317.64,0.52,0.67,2024-11-15,111,N,VIIRS,n,2.0NRT,283.7,1.62,N
29.19042,21.53319,298.01,0.53,0.67,2024-11-15,111,N,VIIRS,n,2.0NRT,284.03,0.79,N
29.19106,21.5282,303.4,0.52,0.67,2024-11-15,111,N,VIIRS,n,2.0NRT,283.93,0.9,N
29.19147,21.42932,323.65,0.52,0.67,2024-11-15,111,N,VIIRS,n,2.0NRT,284.46,2.41,N
29.1918,21.5279,298.72,0.53,0.67,2024-11-15,111,N,VIIRS,n,2.0NRT,283.32,0.79,N
29.21203,21.64668,297.34,0.53,0.67,2024-11-15,111,N,VIIRS,n,2.0NRT,282.78,0.94,N
29.21346,21.64128,297.59,0.53,0.67,2024-11-15,111,N,VIIRS,n,2.0NRT,282.88,1.14,N
29.21949,21.64337,296.14,0.53,0.67,2024-11-15,111,N,VIIRS,n,2.0NRT,283.2,0.84,N
29.22699,19.69801,321.77,0.41,0.61,2024-11-15,111,N,VIIRS,n,2.0NRT,281.43,5.85,N
29.22802,19.69381,312.77,0.41,0.61,2024-11-15,111,N,VIIRS,n,2.0NRT,281.54,7.16,N
29.23105,19.69953,353.4,0.41,0.61,2024-11-15,111,N,VIIRS,n,2.0NRT,284.57,12.11,N
29.23211,19.69533,367,0.41,0.61,2024-11-15,111,N,VIIRS,h,2.0NRT,284.59,16.09,N
29.23243,19.69984,356.49,0.41,0.61,2024-11-15,111,N,VIIRS,n,2.0NRT,285.23,5.85,N
29.23346,19.69563,344.62,0.41,0.61,2024-11-15,111,N,VIIRS,n,2.0NRT,283.92,7.16,N
29.68709,6.70078,303.38,0.4,0.37,2024-11-15,111,N,VIIRS,n,2.0NRT,285.53,0.68,N
29.68769,6.69665,308.45,0.4,0.37,2024-11-15,111,N,VIIRS,n,2.0NRT,284.59,0.68,N
29.69046,6.70142,295.82,0.4,0.37,2024-11-15,111,N,VIIRS,n,2.0NRT,284.56,0.68,N
29.69118,6.69989,297.49,0.4,0.37,2024-11-15,111,N,VIIRS,n,2.0NRT,284.5,1.11,N
29.69396,6.70466,300.55,0.4,0.37,2024-11-15,111,N,VIIRS,n,2.0NRT,285.19,1.1,N
29.69455,6.70053,320.02,0.4,0.37,2024-11-15,111,N,VIIRS,n,2.0NRT,285.85,1.11,N
29.69615,6.71357,299.39,0.4,0.37,2024-11-15,111,N,VIIRS,n,2.0NRT,288.33,0.65,N
29.69674,6.70943,296.49,0.4,0.37,2024-11-15,111,N,VIIRS,n,2.0NRT,285.25,0.82,N
29.69733,6.7053,306.74,0.4,0.37,2024-11-15,111,N,VIIRS,n,2.0NRT,284.36,0.82,N
29.69952,6.7142,301.87,0.4,0.37,2024-11-15,111,N,VIIRS,n,2.0NRT,284.8,0.65,N
29.70012,6.71007,317.67,0.4,0.37,2024-11-15,111,N,VIIRS,n,2.0NRT,285.98,0.82,N
29.70972,19.71216,295.36,0.4,0.6,2024-11-15,111,N,VIIRS,n,2.0NRT,283.55,0.22,N
30.17992,7.68722,307.45,0.39,0.36,2024-11-15,111,N,VIIRS,n,2.0NRT,283.54,0.95,N
30.2546,8.08311,310.81,0.39,0.36,2024-11-15,111,N,VIIRS,n,2.0NRT,284.5,1.12,N
30.2579,8.08379,296.5,0.39,0.36,2024-11-15,111,N,VIIRS,n,2.0NRT,285.79,0.59,N
30.38952,7.90753,305.05,0.39,0.36,2024-11-15,111,N,VIIRS,n,2.0NRT,284.5,0.85,N
30.40222,19.61161,323.19,0.38,0.59,2024-11-15,111,N,VIIRS,n,2.0NRT,285.29,1.43,N
30.40604,19.59617,303.37,0.38,0.59,2024-11-15,111,N,VIIRS,n,2.0NRT,285.24,1.39,N
30.47036,7.02607,329.47,0.4,0.37,2024-11-15,111,N,VIIRS,n,2.0NRT,284.05,3.34,N
30.47372,7.02672,323.13,0.4,0.37,2024-11-15,111,N,VIIRS,n,2.0NRT,284.31,3.34,N
30.65532,8.09985,301.22,0.39,0.36,2024-11-15,111,N,VIIRS,n,2.0NRT,283.38,1.9,N
30.65594,8.09585,345.09,0.39,0.36,2024-11-15,111,N,VIIRS,n,2.0NRT,285.36,3.07,N
30.65924,8.09652,308.33,0.39,0.36,2024-11-15,111,N,VIIRS,n,2.0NRT,284.16,3.07,N
30.66132,8.1052,295.25,0.39,0.36,2024-11-15,111,N,VIIRS,n,2.0NRT,283.22,0.53,N
30.66194,8.1012,297.01,0.39,0.36,2024-11-15,111,N,VIIRS,n,2.0NRT,285.34,0.53,N
30.66462,8.10588,299.5,0.39,0.36,2024-11-15,111,N,VIIRS,n,2.0NRT,283.39,0.53,N
30.7851,5.50984,297.12,0.44,0.39,2024-11-15,111,N,VIIRS,n,2.0NRT,283.95,0.6,N
30.82495,8.0283,295.12,0.39,0.36,2024-11-15,111,N,VIIRS,n,2.0NRT,284.03,0.59,N
30.83643,6.55945,332.33,0.41,0.37,2024-11-15,111,N,VIIRS,n,2.0NRT,286.2,3.1,N
30.87547,5.64159,339.5,0.44,0.38,2024-11-15,111,N,VIIRS,n,2.0NRT,287.48,13.34,N
30.879,5.64222,308.71,0.44,0.38,2024-11-15,111,N,VIIRS,n,2.0NRT,286.22,1.34,N
30.89759,5.58419,324.98,0.44,0.39,2024-11-15,111,N,VIIRS,n,2.0NRT,284.94,2.69,N
30.95559,20.11755,299.99,0.4,0.6,2024-11-15,111,N,VIIRS,n,2.0NRT,284.88,1.18,N
31.00979,8.17133,308.43,0.39,0.36,2024-11-15,111,N,VIIRS,n,2.0NRT,284.18,0.81,N
31.0137,8.16799,298.62,0.39,0.36,2024-11-15,111,N,VIIRS,n,2.0NRT,285.39,0.81,N
31.01431,8.16398,307.93,0.39,0.36,2024-11-15,111,N,VIIRS,n,2.0NRT,283.6,1.07,N
31.05433,8.0351,342.42,0.39,0.36,2024-11-15,111,N,VIIRS,n,2.0NRT,287.5,5.53,N
31.05765,8.03577,299.76,0.39,0.36,2024-11-15,111,N,VIIRS,n,2.0NRT,284.37,0.78,N
31.17619,8.10527,315.61,0.39,0.36,2024-11-15,111,N,VIIRS,n,2.0NRT,283.33,1.67,N
31.1795,8.10595,318.31,0.39,0.36,2024-11-15,111,N,VIIRS,n,2.0NRT,284.32,1.67,N
31.18794,6.78739,350.56,0.41,0.37,2024-11-15,111,N,VIIRS,n,2.0NRT,290.02,8.59,N
31.18843,8.64119,297.97,0.38,0.36,2024-11-15,111,N,VIIRS,n,2.0NRT,281.98,0.39,N
31.19064,6.79034,306.47,0.41,0.37,2024-11-15,111,N,VIIRS,n,2.0NRT,284.69,0.77,N
31.23801,11.81631,307.07,0.44,0.38,2024-11-15,111,N,VIIRS,n,2.0NRT,279.12,0.88,N
31.31632,11.8047,308.18,0.43,0.38,2024-11-15,111,N,VIIRS,n,2.0NRT,280.34,1.09,N
31.31713,11.8002,304.79,0.43,0.38,2024-11-15,111,N,VIIRS,n,2.0NRT,280.8,1.09,N
31.35892,6.05315,321.47,0.43,0.38,2024-11-15,111,N,VIIRS,n,2.0NRT,284.19,1.74,N
31.39277,6.94,307.67,0.41,0.37,2024-11-15,111,N,VIIRS,n,2.0NRT,284.44,1.34,N
31.39337,6.93575,296.04,0.41,0.37,2024-11-15,111,N,VIIRS,n,2.0NRT,285.8,1.34,N
31.39397,6.93149,300.23,0.41,0.37,2024-11-15,111,N,VIIRS,n,2.0NRT,285.18,4.98,N
31.39666,12.1464,317.63,0.45,0.39,2024-11-15,111,N,VIIRS,n,2.0NRT,280.55,2.07,N
31.39676,6.93641,306.75,0.41,0.37,2024-11-15,111,N,VIIRS,n,2.0NRT,285.18,1.34,N
31.39736,6.93215,333.6,0.41,0.37,2024-11-15,111,N,VIIRS,n,2.0NRT,291.64,4.98,N
31.40203,5.9729,302.29,0.43,0.38,2024-11-15,111,N,VIIRS,n,2.0NRT,283.88,4.9,N
31.40265,5.96834,295.85,0.43,0.38,2024-11-15,111,N,VIIRS,n,2.0NRT,283.65,4.9,N
31.40491,5.97809,302.57,0.43,0.38,2024-11-15,111,N,VIIRS,n,2.0NRT,292.34,10.75,N
31.40553,5.97353,331.24,0.43,0.38,2024-11-15,111,N,VIIRS,n,2.0NRT,289.37,4.9,N
31.49399,9.49507,297.57,0.39,0.36,2024-11-15,111,N,VIIRS,n,2.0NRT,280.98,0.42,N
31.58423,5.9553,334.17,0.43,0.38,2024-11-15,111,N,VIIRS,n,2.0NRT,285.14,3.94,N
31.59125,5.95657,326.19,0.43,0.38,2024-11-15,111,N,VIIRS,n,2.0NRT,283.46,1.42,N
31.62819,6.05908,305.55,0.43,0.38,2024-11-15,111,N,VIIRS,n,2.0NRT,282.8,0.99,N
31.63372,5.99011,295.38,0.43,0.38,2024-11-15,111,N,VIIRS,n,2.0NRT,283.54,0.73,N
31.63493,5.98097,317.87,0.43,0.38,2024-11-15,111,N,VIIRS,n,2.0NRT,285.27,2.08,N
31.64025,5.96788,312.02,0.44,0.38,2024-11-15,111,N,VIIRS,n,2.0NRT,283.41,0.94,N
31.64085,5.96329,302.17,0.44,0.38,2024-11-15,111,N,VIIRS,n,2.0NRT,283.32,1.12,N
31.6476,9.17335,327.2,0.38,0.36,2024-11-15,111,N,VIIRS,n,2.0NRT,286.24,1.85,N
31.64824,9.16933,300.41,0.38,0.36,2024-11-15,111,N,VIIRS,n,2.0NRT,284.28,2.02,N
31.64835,5.98811,295.64,0.43,0.38,2024-11-15,111,N,VIIRS,n,2.0NRT,284.83,0.61,N
31.66027,6.06039,322.36,0.43,0.38,2024-11-15,111,N,VIIRS,n,2.0NRT,284.46,1.55,N
31.66088,6.05584,303.32,0.43,0.38,2024-11-15,111,N,VIIRS,n,2.0NRT,284.71,1.55,N
31.66149,6.05129,323.57,0.43,0.38,2024-11-15,111,N,VIIRS,n,2.0NRT,284.63,2.13,N
31.66376,6.06105,324.6,0.43,0.38,2024-11-15,111,N,VIIRS,n,2.0NRT,285.62,2.45,N
31.66438,6.0565,327.2,0.43,0.38,2024-11-15,111,N,VIIRS,n,2.0NRT,286.7,2.45,N
31.66498,6.05195,346.59,0.43,0.38,2024-11-15,111,N,VIIRS,n,2.0NRT,288.86,5.93,N
31.67608,6.04936,307.55,0.43,0.38,2024-11-15,111,N,VIIRS,n,2.0NRT,286.5,1.08,N
31.68676,5.80608,298.97,0.44,0.38,2024-11-15,111,N,VIIRS,n,2.0NRT,283.87,0.74,N
31.70589,5.96105,306.1,0.44,0.38,2024-11-15,111,N,VIIRS,n,2.0NRT,283.48,0.72,N
31.75031,5.22622,307.89,0.47,0.39,2024-11-15,111,N,VIIRS,n,2.0NRT,284.34,0.98,N
31.78037,5.10522,312.49,0.47,0.4,2024-11-15,111,N,VIIRS,n,2.0NRT,283.47,1.26,N
31.78495,6.06673,309.08,0.43,0.38,2024-11-15,111,N,VIIRS,n,2.0NRT,283.54,0.81,N
31.78844,6.06738,319.53,0.43,0.38,2024-11-15,111,N,VIIRS,n,2.0NRT,285.17,0.81,N
31.79729,6.05497,304.92,0.43,0.38,2024-11-15,111,N,VIIRS,n,2.0NRT,286.41,0.94,N
31.80528,5.99541,313.42,0.44,0.38,2024-11-15,111,N,VIIRS,n,2.0NRT,286.39,1.35,N
31.84639,5.05543,305.83,0.47,0.4,2024-11-15,111,N,VIIRS,n,2.0NRT,285.77,1.25,N
31.84809,6.05342,315.61,0.43,0.38,2024-11-15,111,N,VIIRS,n,2.0NRT,285.66,1.09,N
31.84869,6.04884,306.56,0.43,0.38,2024-11-15,111,N,VIIRS,n,2.0NRT,285.87,1.09,N
31.84881,5.05736,302.85,0.47,0.4,2024-11-15,111,N,VIIRS,n,2.0NRT,285.25,0.9,N
31.95442,11.14507,312.14,0.41,0.37,2024-11-15,111,N,VIIRS,n,2.0NRT,286.27,1.42,N
31.95914,5.21685,310.32,0.47,0.4,2024-11-15,111,N,VIIRS,n,2.0NRT,284.58,1.71,N
31.96888,20.08477,298.68,0.37,0.58,2024-11-15,111,N,VIIRS,n,2.0NRT,283.76,0.86,N
32.1333,6.47003,328.06,0.42,0.38,2024-11-15,111,N,VIIRS,n,2.0NRT,284.03,6.38,N
32.13676,6.47068,330,0.42,0.38,2024-11-15,111,N,VIIRS,n,2.0NRT,288.85,6.38,N
32.19989,20.13515,298.79,0.37,0.58,2024-11-15,111,N,VIIRS,n,2.0NRT,285.43,0.85,N
32.20343,20.13459,298.19,0.37,0.58,2024-11-15,111,N,VIIRS,n,2.0NRT,285.33,0.86,N
32.27582,3.98937,305.76,0.54,0.42,2024-11-15,111,N,VIIRS,n,2.0NRT,284.47,1.37,N
32.27625,15.14536,305.37,0.39,0.44,2024-11-15,111,N,VIIRS,n,2.0NRT,285.71,0.84,N
32.28963,10.97634,295.32,0.4,0.37,2024-11-15,111,N,VIIRS,n,2.0NRT,284.07,0.18,N
32.32403,15.22038,321.82,0.4,0.44,2024-11-15,111,N,VIIRS,n,2.0NRT,287.46,1.42,N
32.33175,15.24458,309.74,0.4,0.44,2024-11-15,111,N,VIIRS,n,2.0NRT,287.56,1.18,N
32.35341,6.97469,298.22,0.41,0.37,2024-11-15,111,N,VIIRS,n,2.0NRT,283.73,1.2,N
32.35612,6.97775,327.45,0.41,0.37,2024-11-15,111,N,VIIRS,n,2.0NRT,290.03,29.17,N
32.38624,13.23302,297.3,0.48,0.4,2024-11-15,111,N,VIIRS,n,2.0NRT,286.25,1.1,N
32.40111,4.00479,308.11,0.54,0.42,2024-11-15,111,N,VIIRS,n,2.0NRT,284.05,1.21,N
32.40111,4.00536,308.49,0.54,0.42,2024-11-15,111,N,VIIRS,n,2.0NRT,284.34,1.66,N
32.5537,3.16973,335.64,0.4,0.44,2024-11-15,111,N,VIIRS,n,2.0NRT,284.43,1.76,N
32.62401,14.33299,306.19,0.53,0.42,2024-11-15,111,N,VIIRS,n,2.0NRT,290.49,1.44,N
32.62511,14.32741,307.73,0.53,0.42,2024-11-15,111,N,VIIRS,n,2.0NRT,286.92,1.44,N
32.62669,14.32923,306.99,0.53,0.42,2024-11-15,111,N,VIIRS,n,2.0NRT,288.22,2.07,N
32.63348,14.22394,298.96,0.52,0.42,2024-11-15,111,N,VIIRS,n,2.0NRT,285.44,0.57,N
32.74105,3.18303,298.74,0.4,0.44,2024-11-15,111,N,VIIRS,n,2.0NRT,281.59,0.68,N
32.74512,3.18366,306.25,0.4,0.44,2024-11-15,111,N,VIIRS,n,2.0NRT,281.87,0.91,N
32.74558,3.17939,297.28,0.4,0.44,2024-11-15,111,N,VIIRS,n,2.0NRT,283.45,0.91,N
32.78954,12.67337,301.93,0.45,0.39,2024-11-15,111,N,VIIRS,n,2.0NRT,286.28,1.5,N
32.7922,12.69889,305.09,0.45,0.39,2024-11-15,111,N,VIIRS,n,2.0NRT,288.12,1.5,N
32.83798,3.2394,297.82,0.4,0.44,2024-11-15,111,N,VIIRS,n,2.0NRT,281.34,0.64,N
32.9314,3.24698,297.23,0.4,0.44,2024-11-15,111,N,VIIRS,n,2.0NRT,274.62,0.43,N
32.94544,3.23168,324.23,0.4,0.44,2024-11-15,111,N,VIIRS,n,2.0NRT,269.98,5.64,N
32.94589,3.22738,341.04,0.4,0.44,2024-11-15,111,N,VIIRS,n,2.0NRT,267.54,5.01,N
32.94634,3.22308,301.54,0.4,0.44,2024-11-15,111,N,VIIRS,n,2.0NRT,265.85,5.01,N
32.94952,3.23233,338.95,0.4,0.44,2024-11-15,111,N,VIIRS,n,2.0NRT,270.52,5.64,N
32.94997,3.22804,344.92,0.4,0.44,2024-11-15,111,N,VIIRS,n,2.0NRT,268.77,5.01,N
32.95042,3.22375,296.84,0.4,0.44,2024-11-15,111,N,VIIRS,n,2.0NRT,270.21,5.01,N
33.06665,3.33117,306.44,0.39,0.44,2024-11-15,111,N,VIIRS,n,2.0NRT,281.6,0.73,N
33.12479,3.32181,315.16,0.4,0.44,2024-11-15,111,N,VIIRS,n,2.0NRT,282.8,1.65,N
33.12524,3.31753,314.57,0.4,0.44,2024-11-15,111,N,VIIRS,n,2.0NRT,281.64,1.65,N
33.12541,3.32284,298.77,0.4,0.44,2024-11-15,111,N,VIIRS,n,2.0NRT,283.32,1.52,N
33.12588,3.31856,316.63,0.4,0.44,2024-11-15,111,N,VIIRS,n,2.0NRT,281.81,1.52,N
33.12635,3.31429,301.22,0.4,0.44,2024-11-15,111,N,VIIRS,n,2.0NRT,279.75,0.74,N
33.36421,8.54988,297.25,0.39,0.36,2024-11-15,111,N,VIIRS,n,2.0NRT,283.38,0.49,N
33.52847,9.68458,304.47,0.38,0.36,2024-11-15,111,N,VIIRS,n,2.0NRT,283.46,0.83,N
33.85915,12.05926,321.95,0.42,0.37,2024-11-15,111,N,VIIRS,n,2.0NRT,293,1.68,N
33.87298,9.99244,304.84,0.38,0.36,2024-11-15,111,N,VIIRS,n,2.0NRT,288.63,1.02,N
33.87393,-5.47722,297.02,0.64,0.72,2024-11-15,111,N,VIIRS,n,2.0NRT,280.96,1.14,N
33.87582,-5.47945,301.04,0.64,0.72,2024-11-15,111,N,VIIRS,n,2.0NRT,280.97,1.54,N
33.89138,12.60649,321.15,0.43,0.38,2024-11-15,111,N,VIIRS,n,2.0NRT,292.21,1.78,N
33.92202,12.67772,317.88,0.44,0.38,2024-11-15,111,N,VIIRS,n,2.0NRT,291.83,1.33,N
34.57032,7.24214,308.49,0.42,0.38,2024-11-15,111,N,VIIRS,n,2.0NRT,284.02,0.84,N
34.60282,10.58522,295.44,0.39,0.36,2024-11-15,111,N,VIIRS,n,2.0NRT,284.93,0.25,N
34.62665,7.30797,296.68,0.42,0.37,2024-11-15,111,N,VIIRS,n,2.0NRT,282.23,0.3,N
34.98061,5.7198,296.52,0.48,0.4,2024-11-15,111,N,VIIRS,n,2.0NRT,286.29,1.76,N
34.98126,5.71451,320.82,0.48,0.4,2024-11-15,111,N,VIIRS,n,2.0NRT,287.97,1.76,N
35.09692,5.6461,296.55,0.48,0.4,2024-11-15,111,N,VIIRS,n,2.0NRT,285.18,0.77,N
35.23198,8.17175,316.75,0.4,0.37,2024-11-15,111,N,VIIRS,n,2.0NRT,281.06,2.06,N
35.31253,-1.34259,301.53,0.38,0.59,2024-11-15,111,N,VIIRS,n,2.0NRT,287.55,0.63,N
35.31314,-1.34484,302.33,0.38,0.59,2024-11-15,111,N,VIIRS,n,2.0NRT,287.61,0.59,N
35.34865,5.76406,327.27,0.48,0.4,2024-11-15,111,N,VIIRS,n,2.0NRT,283.2,4.28,N
35.45827,-0.39413,299.3,0.34,0.56,2024-11-15,111,N,VIIRS,n,2.0NRT,284.69,0.44,N
35.56887,-0.93825,298.45,0.36,0.58,2024-11-15,111,N,VIIRS,n,2.0NRT,286.48,0.66,N
35.71003,4.47716,296.13,0.56,0.43,2024-11-15,111,N,VIIRS,n,2.0NRT,282.85,1.29,N
35.77688,9.88917,296.07,0.38,0.36,2024-11-15,111,N,VIIRS,n,2.0NRT,286.01,0.38,N
35.79675,-0.17979,297.99,0.33,0.55,2024-11-15,111,N,VIIRS,n,2.0NRT,286.74,0.86,N
35.80624,-0.24302,299.3,0.33,0.56,2024-11-15,111,N,VIIRS,n,2.0NRT,281.04,1.14,N
35.80701,-0.25429,328.41,0.33,0.56,2024-11-15,111,N,VIIRS,n,2.0NRT,280.19,2.84,N
35.80726,-0.25798,335.24,0.33,0.56,2024-11-15,111,N,VIIRS,n,2.0NRT,281.27,2.84,N
35.81194,-0.25016,295.15,0.33,0.56,2024-11-15,111,N,VIIRS,n,2.0NRT,280.04,1.6,N
35.8122,-0.25389,330.67,0.33,0.56,2024-11-15,111,N,VIIRS,n,2.0NRT,281.78,3.71,N
35.81245,-0.25761,352.33,0.33,0.56,2024-11-15,111,N,VIIRS,n,2.0NRT,281.45,3.71,N
35.81322,-0.26887,314.75,0.33,0.56,2024-11-15,111,N,VIIRS,n,2.0NRT,281.56,1.01,N
35.81347,-0.27255,309.12,0.33,0.56,2024-11-15,111,N,VIIRS,n,2.0NRT,278.67,1.01,N
35.85844,14.4568,295.78,0.48,0.4,2024-11-15,111,N,VIIRS,n,2.0NRT,285.23,0.41,N
35.87999,4.45076,300.09,0.56,0.43,2024-11-15,111,N,VIIRS,n,2.0NRT,282.29,1.34,N
35.88069,4.44445,304.31,0.56,0.43,2024-11-15,111,N,VIIRS,n,2.0NRT,282.99,1.34,N
36.08717,6.80584,300.76,0.45,0.39,2024-11-15,111,N,VIIRS,n,2.0NRT,282.22,1.19,N
36.12903,1.24022,303.28,0.55,0.51,2024-11-15,111,N,VIIRS,n,2.0NRT,287.51,1.58,N
36.17767,3.7465,306.25,0.41,0.45,2024-11-15,111,N,VIIRS,n,2.0NRT,282.59,1.5,N
36.17946,3.74895,312.41,0.41,0.45,2024-11-15,111,N,VIIRS,n,2.0NRT,284.13,1.64,N
36.42886,6.62404,301.45,0.46,0.39,2024-11-15,111,N,VIIRS,n,2.0NRT,280.23,1.47,N
36.58924,10.31862,302.86,0.38,0.36,2024-11-15,111,N,VIIRS,n,2.0NRT,284.94,0.62,N
36.63041,3.23225,300.58,0.44,0.46,2024-11-15,111,N,VIIRS,n,2.0NRT,285.74,0.86,N
36.76162,7.31081,305.29,0.43,0.38,2024-11-15,111,N,VIIRS,n,2.0NRT,285.44,0.59,N
36.77711,10.2005,299.6,0.38,0.36,2024-11-15,111,N,VIIRS,n,2.0NRT,286.43,0.73,N
36.78812,7.70508,314.5,0.42,0.38,2024-11-15,111,N,VIIRS,n,2.0NRT,285.58,1.19,N
36.78876,7.70035,302.45,0.42,0.38,2024-11-15,111,N,VIIRS,n,2.0NRT,285.05,1.19,N
36.78992,7.70262,318.17,0.42,0.38,2024-11-15,111,N,VIIRS,n,2.0NRT,286.21,2.43,N
36.79004,7.6909,296.16,0.42,0.38,2024-11-15,111,N,VIIRS,n,2.0NRT,285.05,0.62,N
36.79116,7.69316,298.03,0.42,0.38,2024-11-15,111,N,VIIRS,n,2.0NRT,285.37,0.59,N
36.79131,7.68145,300.34,0.42,0.38,2024-11-15,111,N,VIIRS,n,2.0NRT,284.46,0.52,N
36.7924,7.68372,296.64,0.42,0.38,2024-11-15,111,N,VIIRS,n,2.0NRT,284.41,0.4,N
36.79621,7.7088,297.47,0.42,0.38,2024-11-15,111,N,VIIRS,n,2.0NRT,285.01,0.49,N
36.86901,6.98313,299.84,0.45,0.39,2024-11-15,111,N,VIIRS,n,2.0NRT,285.53,1.3,N
36.87775,6.94349,317.22,0.45,0.39,2024-11-15,111,N,VIIRS,n,2.0NRT,286.14,1.67,N
19.07605,8.43112,300.46,0.44,0.38,2024-11-15,113,N,VIIRS,n,2.0NRT,284.75,0.48,N
26.43084,11.85068,296.15,0.5,0.41,2024-11-15,113,N,VIIRS,n,2.0NRT,285.68,0.77,N
26.43456,11.85155,308.88,0.5,0.41,2024-11-15,113,N,VIIRS,n,2.0NRT,285.7,1.26,N
26.43536,11.84823,300.43,0.5,0.41,2024-11-15,113,N,VIIRS,n,2.0NRT,285.34,0.51,N
26.56513,12.67973,302.27,0.55,0.43,2024-11-15,113,N,VIIRS,n,2.0NRT,284.9,1.13,N
26.57727,12.21344,307.17,0.52,0.42,2024-11-15,113,N,VIIRS,n,2.0NRT,283.77,2.38,N
26.57825,12.20826,327.86,0.52,0.42,2024-11-15,113,N,VIIRS,n,2.0NRT,287.88,2.23,N
26.58203,12.20915,295.59,0.52,0.42,2024-11-15,113,N,VIIRS,n,2.0NRT,285.11,2.23,N
26.69825,12.45342,314.58,0.53,0.42,2024-11-15,113,N,VIIRS,n,2.0NRT,282.86,1.98,N
26.70207,12.45434,331.86,0.53,0.42,2024-11-15,113,N,VIIRS,n,2.0NRT,285.88,4.79,N
26.75411,12.41156,316.17,0.53,0.42,2024-11-15,113,N,VIIRS,n,2.0NRT,283.04,2.28,N
26.75792,12.41245,333.06,0.53,0.42,2024-11-15,113,N,VIIRS,n,2.0NRT,286.21,4.7,N
27.14745,8.8057,299.47,0.39,0.36,2024-11-15,113,N,VIIRS,n,2.0NRT,285.16,0.58,N
27.15077,8.80639,299.65,0.39,0.36,2024-11-15,113,N,VIIRS,n,2.0NRT,284.78,0.48,N
27.40928,8.84007,305.47,0.39,0.36,2024-11-15,113,N,VIIRS,n,2.0NRT,285.52,0.32,N
27.61672,9.8727,330.34,0.41,0.37,2024-11-15,113,N,VIIRS,n,2.0NRT,286.25,2.9,N
27.63845,9.8689,327.87,0.41,0.37,2024-11-15,113,N,VIIRS,n,2.0NRT,287.04,4.41,N
27.66751,9.88213,324.08,0.41,0.37,2024-11-15,113,N,VIIRS,n,2.0NRT,286.79,1.62,N
27.66823,9.87964,327.25,0.41,0.37,2024-11-15,113,N,VIIRS,n,2.0NRT,286.62,2.01,N
27.69122,9.88725,324.92,0.41,0.37,2024-11-15,113,N,VIIRS,n,2.0NRT,287.49,1.78,N
27.70036,9.17568,296.92,0.39,0.37,2024-11-15,113,N,VIIRS,n,2.0NRT,285.33,0.53,N
27.7037,9.17638,304.36,0.39,0.37,2024-11-15,113,N,VIIRS,n,2.0NRT,286.04,0.53,N
27.70436,9.17241,304.07,0.39,0.37,2024-11-15,113,N,VIIRS,n,2.0NRT,286.06,1.33,N
27.70957,9.88272,301.84,0.41,0.37,2024-11-15,113,N,VIIRS,n,2.0NRT,285.68,0.89,N
27.71477,9.91371,302.38,0.41,0.37,2024-11-15,113,N,VIIRS,n,2.0NRT,283.85,0.72,N
27.71816,9.91446,320.96,0.41,0.37,2024-11-15,113,N,VIIRS,n,2.0NRT,284.98,1.28,N
27.72043,9.88086,311.19,0.41,0.37,2024-11-15,113,N,VIIRS,n,2.0NRT,285.61,0.68,N
27.73434,9.1788,327.57,0.39,0.37,2024-11-15,113,N,VIIRS,n,2.0NRT,284.44,1.37,N
27.73767,9.17951,318.99,0.39,0.37,2024-11-15,113,N,VIIRS,n,2.0NRT,285.51,1.37,N
27.74187,9.91967,309.89,0.41,0.37,2024-11-15,113,N,VIIRS,n,2.0NRT,283.35,2.09,N
27.74258,9.91553,327.24,0.41,0.37,2024-11-15,113,N,VIIRS,n,2.0NRT,284.72,3.85,N
27.74597,9.91628,296.83,0.41,0.37,2024-11-15,113,N,VIIRS,n,2.0NRT,282.51,0.32,N
27.74896,9.15315,336.68,0.39,0.36,2024-11-15,113,N,VIIRS,n,2.0NRT,285.71,3.48,N
27.76036,9.89378,305.54,0.41,0.37,2024-11-15,113,N,VIIRS,n,2.0NRT,285.41,1.28,N
27.76301,9.19308,328.69,0.39,0.37,2024-11-15,113,N,VIIRS,n,2.0NRT,287.04,4.82,N
27.92285,9.24883,309.64,0.39,0.37,2024-11-15,113,N,VIIRS,n,2.0NRT,284.18,0.81,N
27.92605,9.10589,311.1,0.39,0.36,2024-11-15,113,N,VIIRS,n,2.0NRT,286.72,1.12,N
27.92618,9.24954,327.59,0.39,0.37,2024-11-15,113,N,VIIRS,n,2.0NRT,285.15,1.69,N
28.07698,9.78886,302.88,0.4,0.37,2024-11-15,113,N,VIIRS,n,2.0NRT,282.17,0.76,N
28.08035,9.78959,327.45,0.4,0.37,2024-11-15,113,N,VIIRS,n,2.0NRT,284.9,2.65,N
28.11385,0.30459,308.23,0.51,0.49,2024-11-15,113,N,VIIRS,n,2.0NRT,287.99,1.02,N
28.11457,0.30367,305.2,0.51,0.49,2024-11-15,113,N,VIIRS,n,2.0NRT,287.72,1.12,N
28.15267,8.96802,296.81,0.39,0.36,2024-11-15,113,N,VIIRS,n,2.0NRT,284.81,0.4,N
28.1901,9.80346,320.83,0.4,0.37,2024-11-15,113,N,VIIRS,n,2.0NRT,284.92,1.05,N
28.20075,-0.51699,306.45,0.58,0.52,2024-11-15,113,N,VIIRS,n,2.0NRT,283.75,1.48,N
28.2105,-0.15811,298.07,0.55,0.51,2024-11-15,113,N,VIIRS,n,2.0NRT,287.23,0.76,N
28.43164,7.51403,314.63,0.39,0.36,2024-11-15,113,N,VIIRS,n,2.0NRT,285.94,0.93,N
28.4472,9.13675,321.7,0.39,0.36,2024-11-15,113,N,VIIRS,n,2.0NRT,284.15,2.5,N
28.45051,9.13746,338.48,0.39,0.36,2024-11-15,113,N,VIIRS,n,2.0NRT,285.79,2.5,N
28.46361,9.05844,327.33,0.39,0.36,2024-11-15,113,N,VIIRS,n,2.0NRT,285.26,1.79,N
28.46427,9.05449,295.12,0.39,0.36,2024-11-15,113,N,VIIRS,n,2.0NRT,284.38,1.63,N
28.46693,9.05913,306.53,0.39,0.36,2024-11-15,113,N,VIIRS,n,2.0NRT,284.03,0.36,N
28.4698,7.50942,308.8,0.39,0.36,2024-11-15,113,N,VIIRS,n,2.0NRT,287.49,0.81,N
28.47642,7.51072,307.36,0.39,0.36,2024-11-15,113,N,VIIRS,n,2.0NRT,286.22,0.73,N
28.52544,9.12035,300.4,0.39,0.36,2024-11-15,113,N,VIIRS,n,2.0NRT,283.17,0.45,N
28.52876,9.12106,299.93,0.39,0.36,2024-11-15,113,N,VIIRS,n,2.0NRT,283.09,0.45,N
28.55968,7.51781,299.55,0.39,0.36,2024-11-15,113,N,VIIRS,n,2.0NRT,284.03,0.39,N
28.56146,7.46156,311.79,0.39,0.36,2024-11-15,113,N,VIIRS,n,2.0NRT,284.83,0.86,N
28.57541,7.65715,307.01,0.39,0.36,2024-11-15,113,N,VIIRS,n,2.0NRT,284.56,1.68,N
28.57601,7.65324,327.63,0.39,0.36,2024-11-15,113,N,VIIRS,n,2.0NRT,285.91,1.68,N
28.57932,7.65389,308.84,0.39,0.36,2024-11-15,113,N,VIIRS,n,2.0NRT,284.18,1.68,N
28.59859,7.26201,304.75,0.39,0.36,2024-11-15,113,N,VIIRS,n,2.0NRT,284.24,0.73,N
28.59919,7.25806,321.82,0.39,0.36,2024-11-15,113,N,VIIRS,n,2.0NRT,287.13,1.72,N
28.6025,7.2587,312.21,0.39,0.36,2024-11-15,113,N,VIIRS,n,2.0NRT,286.2,1.1,N
28.61261,7.50292,299.45,0.39,0.36,2024-11-15,113,N,VIIRS,n,2.0NRT,283.89,0.42,N
28.63204,9.78448,325.72,0.4,0.37,2024-11-15,113,N,VIIRS,n,2.0NRT,283.91,0.91,N
28.6354,9.78521,309.99,0.4,0.37,2024-11-15,113,N,VIIRS,n,2.0NRT,284.28,0.91,N
28.63608,7.61665,323.91,0.39,0.36,2024-11-15,113,N,VIIRS,n,2.0NRT,283.28,1.61,N
28.63608,9.78115,300.45,0.4,0.37,2024-11-15,113,N,VIIRS,n,2.0NRT,283.27,0.91,N
28.64059,7.60946,299.15,0.39,0.36,2024-11-15,113,N,VIIRS,n,2.0NRT,284.37,1.13,N
28.6829,7.19581,322.9,0.39,0.36,2024-11-15,113,N,VIIRS,n,2.0NRT,285.3,1.55,N
28.68349,7.19184,302.83,0.39,0.36,2024-11-15,113,N,VIIRS,n,2.0NRT,284.86,1.58,N
28.70396,8.93986,324.56,0.39,0.36,2024-11-15,113,N,VIIRS,n,2.0NRT,285.6,1.72,N
28.70893,9.03471,326.79,0.39,0.36,2024-11-15,113,N,VIIRS,n,2.0NRT,284.55,1.38,N
28.71224,9.03541,296.2,0.39,0.36,2024-11-15,113,N,VIIRS,n,2.0NRT,283.1,1.38,N
28.72107,7.52296,325.59,0.39,0.36,2024-11-15,113,N,VIIRS,n,2.0NRT,285.62,1.9,N
28.73378,9.15452,314.47,0.39,0.36,2024-11-15,113,N,VIIRS,n,2.0NRT,283.78,0.59,N
28.73683,9.78913,295.56,0.4,0.37,2024-11-15,113,N,VIIRS,n,2.0NRT,282.73,0.4,N
28.86658,9.93797,305.79,0.4,0.37,2024-11-15,113,N,VIIRS,n,2.0NRT,280.93,0.82,N
28.88685,10.02324,298.92,0.4,0.37,2024-11-15,113,N,VIIRS,n,2.0NRT,284.11,0.78,N
28.89262,9.96918,311,0.4,0.37,2024-11-15,113,N,VIIRS,n,2.0NRT,281.5,0.49,N
28.91334,9.74557,321.84,0.4,0.37,2024-11-15,113,N,VIIRS,n,2.0NRT,283.99,1.73,N
28.93678,10.01726,299.82,0.4,0.37,2024-11-15,113,N,VIIRS,n,2.0NRT,280.63,0.83,N
29.2567,6.49392,299.2,0.4,0.37,2024-11-15,113,N,VIIRS,n,2.0NRT,284.27,0.87,N
29.26068,6.49041,295.69,0.4,0.37,2024-11-15,113,N,VIIRS,n,2.0NRT,282.21,0.5,N
29.26744,6.49168,335.39,0.4,0.37,2024-11-15,113,N,VIIRS,n,2.0NRT,282.31,2.42,N
6.9508,11.29807,297.14,0.33,0.55,2024-11-15,115,N,VIIRS,n,2.0NRT,286.07,0.27,N
6.99179,11.21256,296.34,0.32,0.55,2024-11-15,115,N,VIIRS,n,2.0NRT,285.31,0.35,N
8.53232,16.79725,301.84,0.72,0.76,2024-11-15,115,N,VIIRS,n,2.0NRT,288.66,1.04,N
8.5336,16.79066,298.39,0.72,0.76,2024-11-15,115,N,VIIRS,n,2.0NRT,287.36,1.04,N
8.53747,16.79633,299.66,0.72,0.76,2024-11-15,115,N,VIIRS,n,2.0NRT,288.3,0.86,N
9.29961,14.1733,303.87,0.47,0.64,2024-11-15,115,N,VIIRS,n,2.0NRT,287.77,0.73,N
9.4633,7.3668,299.98,0.51,0.41,2024-11-15,115,N,VIIRS,n,2.0NRT,280.22,0.94,N
9.66959,1.17454,305.31,0.42,0.38,2024-11-15,115,N,VIIRS,n,2.0NRT,294.01,1.48,N
9.75691,14.58952,308.61,0.49,0.65,2024-11-15,115,N,VIIRS,n,2.0NRT,286.9,0.98,N
9.75778,14.58505,307.44,0.49,0.65,2024-11-15,115,N,VIIRS,n,2.0NRT,287.76,1.72,N
9.93658,7.31336,302.25,0.5,0.41,2024-11-15,115,N,VIIRS,n,2.0NRT,288.41,0.61,N
9.94031,7.31399,305.24,0.5,0.41,2024-11-15,115,N,VIIRS,n,2.0NRT,289.12,1.63,N
10.25915,-9.54631,303.09,0.68,0.74,2024-11-15,115,N,VIIRS,n,2.0NRT,280,1.32,N
10.25992,-9.55292,298.56,0.68,0.74,2024-11-15,115,N,VIIRS,n,2.0NRT,280.34,1.9,N
10.2718,-2.55397,302.47,0.46,0.47,2024-11-15,115,N,VIIRS,n,2.0NRT,291.56,0.67,N
10.27961,16.73463,305.08,0.66,0.73,2024-11-15,115,N,VIIRS,n,2.0NRT,287.35,1.18,N
10.28151,16.73116,305.09,0.66,0.73,2024-11-15,115,N,VIIRS,n,2.0NRT,288.47,1.11,N
10.38871,5.6732,305.88,0.42,0.37,2024-11-15,115,N,VIIRS,n,2.0NRT,290.89,0.83,N
10.39839,5.67869,306.24,0.42,0.37,2024-11-15,115,N,VIIRS,n,2.0NRT,292.6,0.94,N
10.40121,5.68302,311.66,0.42,0.37,2024-11-15,115,N,VIIRS,n,2.0NRT,293.24,1.55,N
10.4109,5.68848,311.77,0.42,0.37,2024-11-15,115,N,VIIRS,n,2.0NRT,292.64,1.05,N
10.41151,5.68471,313.46,0.42,0.37,2024-11-15,115,N,VIIRS,n,2.0NRT,292.15,1.05,N
10.50104,2.04499,301.36,0.4,0.37,2024-11-15,115,N,VIIRS,n,2.0NRT,291.19,0.32,N
10.54069,5.77576,297.42,0.42,0.38,2024-11-15,115,N,VIIRS,n,2.0NRT,285.88,0.29,N
10.62534,5.85522,300.52,0.42,0.38,2024-11-15,115,N,VIIRS,n,2.0NRT,285.48,0.65,N
10.62817,5.85963,297.76,0.42,0.38,2024-11-15,115,N,VIIRS,n,2.0NRT,284.49,0.2,N
10.63516,1.29098,306.45,0.43,0.38,2024-11-15,115,N,VIIRS,n,2.0NRT,296.26,1.34,N
10.69384,6.03594,307.96,0.43,0.38,2024-11-15,115,N,VIIRS,n,2.0NRT,289.27,1.16,N
10.7631,6.14254,296.99,0.43,0.38,2024-11-15,115,N,VIIRS,n,2.0NRT,285.8,1,N
10.79623,5.94128,311.07,0.42,0.38,2024-11-15,115,N,VIIRS,n,2.0NRT,286.74,1.09,N
10.84319,5.56885,302.29,0.41,0.37,2024-11-15,115,N,VIIRS,n,2.0NRT,288.55,0.71,N
10.84599,5.57313,304.43,0.41,0.37,2024-11-15,115,N,VIIRS,n,2.0NRT,289.17,0.71,N
10.87752,13.14541,299.43,0.38,0.58,2024-11-15,115,N,VIIRS,n,2.0NRT,284.08,0.62,N
10.87906,5.94735,306.13,0.42,0.38,2024-11-15,115,N,VIIRS,n,2.0NRT,285.02,0.72,N
10.8803,13.14535,300.43,0.37,0.58,2024-11-15,115,N,VIIRS,n,2.0NRT,283.94,0.43,N
10.88315,5.94411,306.6,0.42,0.38,2024-11-15,115,N,VIIRS,n,2.0NRT,285.7,0.79,N
10.88723,5.94086,305.82,0.42,0.38,2024-11-15,115,N,VIIRS,n,2.0NRT,284.27,0.79,N
10.88786,5.93704,309.82,0.42,0.38,2024-11-15,115,N,VIIRS,n,2.0NRT,284.31,0.75,N
10.88849,5.93323,296.65,0.42,0.38,2024-11-15,115,N,VIIRS,n,2.0NRT,283.54,0.75,N
10.89038,5.92178,300.05,0.42,0.38,2024-11-15,115,N,VIIRS,n,2.0NRT,283.46,0.53,N
10.891,5.91797,306.57,0.42,0.38,2024-11-15,115,N,VIIRS,n,2.0NRT,282.8,0.53,N
10.89194,5.93382,301.87,0.42,0.38,2024-11-15,115,N,VIIRS,n,2.0NRT,282.75,0.5,N
10.89256,5.93,309,0.42,0.38,2024-11-15,115,N,VIIRS,n,2.0NRT,283.27,1.02,N
10.89319,5.92618,316.86,0.42,0.38,2024-11-15,115,N,VIIRS,n,2.0NRT,283.72,1.02,N
10.92569,0.83677,312.49,0.45,0.39,2024-11-15,115,N,VIIRS,n,2.0NRT,292.5,1.32,N
10.92926,0.83732,312.79,0.45,0.39,2024-11-15,115,N,VIIRS,n,2.0NRT,292.13,1.19,N
10.93126,11.47492,302.62,0.58,0.52,2024-11-15,115,N,VIIRS,n,2.0NRT,291.49,0.79,N
10.95369,17.13619,310.27,0.69,0.74,2024-11-15,115,N,VIIRS,n,2.0NRT,287.19,1.68,N
10.95471,17.13543,308.42,0.68,0.74,2024-11-15,115,N,VIIRS,n,2.0NRT,286.8,1.56,N
10.98382,13.81357,298.95,0.41,0.61,2024-11-15,115,N,VIIRS,n,2.0NRT,288.86,0.6,N
10.98528,0.82904,305.09,0.45,0.39,2024-11-15,115,N,VIIRS,n,2.0NRT,291.68,1.65,N
10.98584,0.89073,306.27,0.45,0.39,2024-11-15,115,N,VIIRS,n,2.0NRT,291.93,1.32,N
10.9859,0.82491,327.09,0.45,0.39,2024-11-15,115,N,VIIRS,n,2.0NRT,292.74,1.65,N
10.98763,0.82798,322.72,0.45,0.39,2024-11-15,115,N,VIIRS,n,2.0NRT,291.92,1.95,N
10.98784,6.00817,307.69,0.42,0.38,2024-11-15,115,N,VIIRS,n,2.0NRT,285.28,1.17,N
10.9894,0.89127,315.57,0.45,0.39,2024-11-15,115,N,VIIRS,n,2.0NRT,291.73,1.32,N
10.99503,6.02918,304.27,0.42,0.38,2024-11-15,115,N,VIIRS,n,2.0NRT,284.31,0.31,N
10.99832,0.88008,338.35,0.45,0.39,2024-11-15,115,N,VIIRS,n,2.0NRT,293.66,3.12,N
10.99884,6.00606,298.78,0.42,0.38,2024-11-15,115,N,VIIRS,n,2.0NRT,286.56,0.6,N
10.99892,0.87598,306.7,0.45,0.39,2024-11-15,115,N,VIIRS,n,2.0NRT,292.73,3.12,N
11.00166,6.01048,316.19,0.42,0.38,2024-11-15,115,N,VIIRS,n,2.0NRT,286.8,1,N
11.00189,0.88062,319.54,0.45,0.39,2024-11-15,115,N,VIIRS,n,2.0NRT,292.05,1.82,N
11.00229,6.00664,299.36,0.42,0.38,2024-11-15,115,N,VIIRS,n,2.0NRT,285.43,1,N
11.00449,6.0149,303.42,0.42,0.38,2024-11-15,115,N,VIIRS,n,2.0NRT,284.94,0.92,N
11.01685,0.64266,326.53,0.46,0.39,2024-11-15,115,N,VIIRS,n,2.0NRT,292.48,2.87,N
11.01763,0.64545,323.8,0.46,0.39,2024-11-15,115,N,VIIRS,n,2.0NRT,291.65,3.14,N
11.01873,0.63011,304.92,0.46,0.39,2024-11-15,115,N,VIIRS,n,2.0NRT,291.49,0.76,N
11.02005,0.62869,301.99,0.46,0.39,2024-11-15,115,N,VIIRS,n,2.0NRT,291.4,0.79,N
11.03023,13.8737,309.08,0.42,0.61,2024-11-15,115,N,VIIRS,n,2.0NRT,285.12,0.97,N
11.03546,13.57624,304.36,0.4,0.6,2024-11-15,115,N,VIIRS,n,2.0NRT,286.96,0.83,N
11.0358,13.87489,314.74,0.42,0.61,2024-11-15,115,N,VIIRS,n,2.0NRT,286.66,0.97,N
11.03654,13.871,301.6,0.42,0.61,2024-11-15,115,N,VIIRS,n,2.0NRT,287.56,0.97,N
11.03728,13.8671,303.62,0.42,0.61,2024-11-15,115,N,VIIRS,n,2.0NRT,287.39,0.86,N
11.03756,13.56537,310.23,0.4,0.6,2024-11-15,115,N,VIIRS,n,2.0NRT,291.32,1.5,N
11.03823,13.5619,306.64,0.4,0.6,2024-11-15,115,N,VIIRS,n,2.0NRT,289.87,1.5,N
11.0411,13.90826,295.72,0.42,0.61,2024-11-15,115,N,VIIRS,n,2.0NRT,285.55,0.43,N
11.04183,13.90439,299.54,0.42,0.61,2024-11-15,115,N,VIIRS,n,2.0NRT,285.35,0.43,N
11.04395,13.90703,299.7,0.42,0.61,2024-11-15,115,N,VIIRS,n,2.0NRT,285.74,0.63,N
11.04472,13.90316,299.36,0.42,0.61,2024-11-15,115,N,VIIRS,n,2.0NRT,285.58,0.63,N
11.04742,13.90556,298.3,0.42,0.61,2024-11-15,115,N,VIIRS,n,2.0NRT,285.37,0.43,N
11.04815,13.90169,301.45,0.42,0.61,2024-11-15,115,N,VIIRS,n,2.0NRT,285.31,0.98,N
11.05031,13.90432,303.94,0.42,0.61,2024-11-15,115,N,VIIRS,n,2.0NRT,285.72,0.63,N
11.05106,13.90046,300.3,0.42,0.61,2024-11-15,115,N,VIIRS,n,2.0NRT,285.56,1.24,N
11.05374,13.90287,303.19,0.42,0.61,2024-11-15,115,N,VIIRS,n,2.0NRT,285.35,0.38,N
11.0832,0.65113,303.8,0.46,0.39,2024-11-15,115,N,VIIRS,n,2.0NRT,292.97,0.9,N
11.10033,5.96327,302.53,0.42,0.38,2024-11-15,115,N,VIIRS,n,2.0NRT,289.43,0.56,N
11.10084,0.73087,311.65,0.46,0.39,2024-11-15,115,N,VIIRS,n,2.0NRT,292.4,0.98,N
11.10146,0.72671,318.68,0.46,0.39,2024-11-15,115,N,VIIRS,n,2.0NRT,293.48,1.96,N
11.13295,-5.32938,301.49,0.36,0.58,2024-11-15,115,N,VIIRS,n,2.0NRT,290.74,0.42,N
11.14821,0.74163,323.93,0.46,0.39,2024-11-15,115,N,VIIRS,n,2.0NRT,297.09,4.11,N
11.1518,0.7422,316.01,0.46,0.39,2024-11-15,115,N,VIIRS,n,2.0NRT,296.82,3.5,N
11.15817,0.82375,306.33,0.45,0.39,2024-11-15,115,N,VIIRS,n,2.0NRT,295.21,1.79,N
11.16385,0.73519,312.87,0.46,0.39,2024-11-15,115,N,VIIRS,n,2.0NRT,293.41,1.99,N
11.21466,6.16361,304.5,0.43,0.38,2024-11-15,115,N,VIIRS,n,2.0NRT,287.59,0.72,N
11.21998,-0.82142,307.49,0.55,0.43,2024-11-15,115,N,VIIRS,n,2.0NRT,292.68,3.48,N
11.22051,1.87867,307.3,0.41,0.37,2024-11-15,115,N,VIIRS,n,2.0NRT,295.24,1.98,N
11.22076,-0.82305,308.77,0.55,0.43,2024-11-15,115,N,VIIRS,n,2.0NRT,293.04,1.98,N
11.22107,1.89812,302.87,0.41,0.37,2024-11-15,115,N,VIIRS,n,2.0NRT,292.84,0.84,N
11.22332,5.95962,308.72,0.42,0.38,2024-11-15,115,N,VIIRS,n,2.0NRT,289.12,0.75,N
11.22391,-0.82081,328.01,0.55,0.43,2024-11-15,115,N,VIIRS,n,2.0NRT,293.19,3.48,N
11.22396,-0.81738,333.96,0.55,0.43,2024-11-15,115,N,VIIRS,n,2.0NRT,292.88,4.26,N
11.22469,-0.82245,308.87,0.55,0.43,2024-11-15,115,N,VIIRS,n,2.0NRT,292.8,3.25,N
11.22613,5.96401,308.29,0.42,0.38,2024-11-15,115,N,VIIRS,n,2.0NRT,289.11,0.87,N
11.22714,-0.81512,329.45,0.55,0.43,2024-11-15,115,N,VIIRS,n,2.0NRT,294.34,4.74,N
11.22715,-0.81171,312.13,0.55,0.43,2024-11-15,115,N,VIIRS,n,2.0NRT,292.87,4.26,N
11.22784,-0.8202,341.51,0.55,0.43,2024-11-15,115,N,VIIRS,n,2.0NRT,294.95,4.74,N
11.22788,-0.81677,343.6,0.55,0.43,2024-11-15,115,N,VIIRS,n,2.0NRT,296.11,4.26,N
11.22862,-0.82185,305.14,0.55,0.43,2024-11-15,115,N,VIIRS,n,2.0NRT,292.71,3.25,N
11.22957,5.96458,303.05,0.42,0.38,2024-11-15,115,N,VIIRS,n,2.0NRT,288.68,0.87,N
11.23034,-0.80606,305.17,0.55,0.43,2024-11-15,115,N,VIIRS,n,2.0NRT,292.31,1.02,N
11.23036,-0.80944,318.92,0.55,0.43,2024-11-15,115,N,VIIRS,n,2.0NRT,293.92,3.13,N
11.23106,-0.81451,312.84,0.55,0.43,2024-11-15,115,N,VIIRS,n,2.0NRT,293.53,4.74,N
11.23107,-0.8111,319.03,0.55,0.43,2024-11-15,115,N,VIIRS,n,2.0NRT,294.16,3.25,N
11.23618,18.1874,332.74,0.79,0.78,2024-11-15,115,N,VIIRS,n,2.0NRT,293.19,3.8,N
11.23729,18.18212,303.74,0.79,0.78,2024-11-15,115,N,VIIRS,n,2.0NRT,292.35,7.01,N
11.23752,18.18639,335.62,0.79,0.78,2024-11-15,115,N,VIIRS,n,2.0NRT,293.45,9.82,N
11.2383,0.35373,303.79,0.48,0.4,2024-11-15,115,N,VIIRS,n,2.0NRT,291.81,0.71,N
11.24133,0.35865,301.22,0.48,0.4,2024-11-15,115,N,VIIRS,n,2.0NRT,291.16,0.43,N
11.24343,18.18864,304.07,0.79,0.78,2024-11-15,115,N,VIIRS,n,2.0NRT,291.78,3.8,N
11.25019,1.91413,314.83,0.41,0.37,2024-11-15,115,N,VIIRS,n,2.0NRT,295.53,2.37,N
11.25419,1.9109,310.53,0.41,0.37,2024-11-15,115,N,VIIRS,n,2.0NRT,297.14,2.4,N
11.25478,1.90706,325.65,0.41,0.37,2024-11-15,115,N,VIIRS,n,2.0NRT,298.43,2.4,N
11.25561,6.04365,306.18,0.42,0.38,2024-11-15,115,N,VIIRS,n,2.0NRT,289.05,0.96,N
11.25762,1.91143,320.96,0.41,0.37,2024-11-15,115,N,VIIRS,n,2.0NRT,297.98,3.76,N
11.26504,-0.7992,301.72,0.55,0.43,2024-11-15,115,N,VIIRS,n,2.0NRT,290.4,0.87,N
11.2671,1.91623,311.13,0.41,0.37,2024-11-15,115,N,VIIRS,n,2.0NRT,295.87,3.48,N
11.26714,1.93949,307.79,0.41,0.37,2024-11-15,115,N,VIIRS,n,2.0NRT,294.89,1.74,N
11.27056,1.94001,326.99,0.41,0.37,2024-11-15,115,N,VIIRS,n,2.0NRT,295.37,3.62,N
11.27113,1.93622,309.12,0.41,0.37,2024-11-15,115,N,VIIRS,n,2.0NRT,293.96,2.35,N
11.27339,1.92107,307.23,0.41,0.37,2024-11-15,115,N,VIIRS,n,2.0NRT,296.34,2.24,N
11.28426,1.94209,310.37,0.41,0.37,2024-11-15,115,N,VIIRS,n,2.0NRT,295,1.89,N
11.28483,1.93828,305.99,0.41,0.37,2024-11-15,115,N,VIIRS,n,2.0NRT,295.17,2.16,N
11.29292,1.02972,305.13,0.44,0.39,2024-11-15,115,N,VIIRS,n,2.0NRT,293.53,1.66,N
11.29739,6.06229,303.35,0.42,0.38,2024-11-15,115,N,VIIRS,n,2.0NRT,289.8,0.51,N
11.30799,-0.01959,305.93,0.5,0.41,2024-11-15,115,N,VIIRS,n,2.0NRT,290.19,1.01,N
11.31366,6.09279,307.57,0.42,0.38,2024-11-15,115,N,VIIRS,n,2.0NRT,290.93,1.28,N
11.31483,-0.01389,310.25,0.5,0.41,2024-11-15,115,N,VIIRS,n,2.0NRT,290.55,1.16,N
11.31711,6.0934,306.81,0.42,0.38,2024-11-15,115,N,VIIRS,n,2.0NRT,290.97,1.28,N
11.45154,0.34552,303.53,0.48,0.4,2024-11-15,115,N,VIIRS,n,2.0NRT,291.71,0.66,N
11.4644,2.01933,307.4,0.41,0.37,2024-11-15,115,N,VIIRS,n,2.0NRT,296.58,2.24,N
11.51218,1.15601,317.9,0.44,0.38,2024-11-15,115,N,VIIRS,n,2.0NRT,292.88,1.04,N
11.53675,1.52127,306.35,0.43,0.38,2024-11-15,115,N,VIIRS,n,2.0NRT,290.99,0.71,N
11.53805,1.52135,307.3,0.43,0.38,2024-11-15,115,N,VIIRS,n,2.0NRT,291.3,0.9,N
11.54074,5.98798,300.3,0.42,0.37,2024-11-15,115,N,VIIRS,n,2.0NRT,289.29,0.96,N
11.54136,5.98418,302.44,0.42,0.37,2024-11-15,115,N,VIIRS,n,2.0NRT,290.41,0.96,N
11.54355,5.99236,301.31,0.42,0.37,2024-11-15,115,N,VIIRS,n,2.0NRT,288.86,0.69,N
11.54417,5.98856,311.69,0.42,0.37,2024-11-15,115,N,VIIRS,n,2.0NRT,289.55,0.96,N
11.5448,5.98476,315.97,0.42,0.37,2024-11-15,115,N,VIIRS,n,2.0NRT,290.5,0.96,N
11.55396,17.98427,299.91,0.76,0.77,2024-11-15,115,N,VIIRS,n,2.0NRT,288.32,2.4,N
11.56485,6.79829,299.02,0.45,0.39,2024-11-15,115,N,VIIRS,n,2.0NRT,288.78,0.63,N
11.5661,6.79567,302.1,0.45,0.39,2024-11-15,115,N,VIIRS,n,2.0NRT,289.86,0.55,N
11.56659,17.99439,299.76,0.76,0.77,2024-11-15,115,N,VIIRS,n,2.0NRT,288.45,1.58,N
11.57638,2.13174,309.5,0.41,0.37,2024-11-15,115,N,VIIRS,n,2.0NRT,296.03,1.52,N
11.59004,2.15684,305.24,0.41,0.37,2024-11-15,115,N,VIIRS,n,2.0NRT,293.2,1,N
11.65176,5.75818,304.68,0.41,0.37,2024-11-15,115,N,VIIRS,n,2.0NRT,290.21,0.7,N
11.65407,1.14831,309.56,0.44,0.39,2024-11-15,115,N,VIIRS,n,2.0NRT,290.86,1.52,N
11.6635,1.158,303.49,0.44,0.39,2024-11-15,115,N,VIIRS,n,2.0NRT,290.56,1.11,N
11.67602,0.61895,303.52,0.47,0.4,2024-11-15,115,N,VIIRS,n,2.0NRT,292.13,0.36,N
11.68125,0.35349,311.95,0.48,0.4,2024-11-15,115,N,VIIRS,n,2.0NRT,294.11,1.81,N
11.683,0.36729,306.18,0.48,0.4,2024-11-15,115,N,VIIRS,n,2.0NRT,293.67,2.25,N
11.68668,0.36785,327.92,0.48,0.4,2024-11-15,115,N,VIIRS,n,2.0NRT,295.64,2.25,N
11.68798,0.35902,304.42,0.48,0.4,2024-11-15,115,N,VIIRS,n,2.0NRT,293.31,1.54,N
11.68972,0.37282,325.95,0.48,0.4,2024-11-15,115,N,VIIRS,n,2.0NRT,294.69,2.14,N
11.69037,0.36842,305.96,0.48,0.4,2024-11-15,115,N,VIIRS,n,2.0NRT,293.54,1.66,N
11.69341,0.37339,315.96,0.48,0.4,2024-11-15,115,N,VIIRS,n,2.0NRT,294.34,2.14,N
11.69404,-9.95575,302.77,0.75,0.77,2024-11-15,115,N,VIIRS,n,2.0NRT,286.99,1.85,N
11.70685,0.38441,309.59,0.48,0.4,2024-11-15,115,N,VIIRS,n,2.0NRT,293.6,1.33,N
11.70889,0.38818,307,0.48,0.4,2024-11-15,115,N,VIIRS,n,2.0NRT,293.63,1.37,N
11.71969,0.62558,302.7,0.47,0.4,2024-11-15,115,N,VIIRS,n,2.0NRT,291.16,0.47,N
11.72181,1.12394,309.94,0.44,0.39,2024-11-15,115,N,VIIRS,n,2.0NRT,291.05,1.24,N
11.75779,5.53609,300.01,0.4,0.37,2024-11-15,115,N,VIIRS,n,2.0NRT,289.44,0.95,N
11.76117,5.53666,324.35,0.4,0.37,2024-11-15,115,N,VIIRS,n,2.0NRT,291.45,0.95,N
11.77471,0.47891,308.49,0.48,0.4,2024-11-15,115,N,VIIRS,n,2.0NRT,294.12,1.25,N
11.77838,0.47947,308.57,0.48,0.4,2024-11-15,115,N,VIIRS,n,2.0NRT,292.88,1.25,N
11.78961,5.10462,311.57,0.39,0.36,2024-11-15,115,N,VIIRS,n,2.0NRT,291.03,1.17,N
11.79528,5.0908,308.95,0.39,0.36,2024-11-15,115,N,VIIRS,n,2.0NRT,290.8,5,N
11.79586,5.08721,350.1,0.39,0.36,2024-11-15,115,N,VIIRS,n,2.0NRT,292.17,5,N
11.79804,5.09495,302.42,0.39,0.36,2024-11-15,115,N,VIIRS,n,2.0NRT,290.57,0.53,N
11.79862,5.09136,328.91,0.39,0.36,2024-11-15,115,N,VIIRS,n,2.0NRT,292.27,5,N
11.7992,5.08777,353.47,0.39,0.36,2024-11-15,115,N,VIIRS,n,2.0NRT,294.97,5,N
11.8176,5.75108,312.76,0.41,0.37,2024-11-15,115,N,VIIRS,n,2.0NRT,289.9,0.98,N
11.821,5.75166,309.44,0.41,0.37,2024-11-15,115,N,VIIRS,n,2.0NRT,290.68,0.98,N
11.8244,5.75224,301.83,0.41,0.37,2024-11-15,115,N,VIIRS,n,2.0NRT,290.67,0.47,N
11.83324,2.07055,304.31,0.41,0.37,2024-11-15,115,N,VIIRS,n,2.0NRT,292.2,0.48,N
11.83409,13.76021,305.98,0.4,0.6,2024-11-15,115,N,VIIRS,n,2.0NRT,284.65,1.05,N
11.83483,13.75765,302.43,0.4,0.6,2024-11-15,115,N,VIIRS,n,2.0NRT,285.07,0.85,N
11.83896,2.10226,302.15,0.41,0.37,2024-11-15,115,N,VIIRS,n,2.0NRT,291.88,0.34,N
11.94595,1.66095,305.52,0.43,0.38,2024-11-15,115,N,VIIRS,n,2.0NRT,293.66,1.43,N
11.94785,1.66148,306.23,0.43,0.38,2024-11-15,115,N,VIIRS,n,2.0NRT,293.65,1.28,N
11.94788,-4.15519,303.29,0.62,0.54,2024-11-15,115,N,VIIRS,n,2.0NRT,290.75,0.88,N
11.95172,8.59435,307.58,0.55,0.43,2024-11-15,115,N,VIIRS,n,2.0NRT,292.72,0.95,N
11.95752,1.65476,308.61,0.43,0.38,2024-11-15,115,N,VIIRS,n,2.0NRT,291.7,1.18,N
11.96522,-3.94065,304.53,0.6,0.53,2024-11-15,115,N,VIIRS,n,2.0NRT,290.54,0.88,N
11.96707,-4.50923,310.21,0.33,0.55,2024-11-15,115,N,VIIRS,n,2.0NRT,292.87,1.1,N
11.96789,11.28623,301.29,0.54,0.51,2024-11-15,115,N,VIIRS,n,2.0NRT,288.94,0.72,N
11.97253,11.28713,302.02,0.54,0.51,2024-11-15,115,N,VIIRS,n,2.0NRT,289.78,0.72,N
11.97446,11.28928,299.53,0.54,0.51,2024-11-15,115,N,VIIRS,n,2.0NRT,289.41,1.78,N
11.97631,11.27942,299.34,0.54,0.51,2024-11-15,115,N,VIIRS,n,2.0NRT,289.06,0.87,N
11.98091,11.29388,300.82,0.54,0.51,2024-11-15,115,N,VIIRS,n,2.0NRT,289.04,1.81,N
11.98281,11.296,305.75,0.54,0.51,2024-11-15,115,N,VIIRS,n,2.0NRT,288.82,0.81,N
11.98744,11.29689,300.68,0.54,0.51,2024-11-15,115,N,VIIRS,n,2.0NRT,288.94,0.84,N
12.03683,1.7425,328.71,0.42,0.38,2024-11-15,115,N,VIIRS,n,2.0NRT,292.36,1.94,N
12.03741,1.73862,311.59,0.42,0.38,2024-11-15,115,N,VIIRS,n,2.0NRT,291.86,2.06,N
12.03997,13.57543,307.79,0.38,0.59,2024-11-15,115,N,VIIRS,n,2.0NRT,286.15,0.84,N
12.05948,13.56116,296.77,0.38,0.59,2024-11-15,115,N,VIIRS,n,2.0NRT,286.22,0.5,N
12.06015,13.55766,297.63,0.38,0.59,2024-11-15,115,N,VIIRS,n,2.0NRT,285.97,0.5,N
12.08107,-8.73211,300.13,0.63,0.72,2024-11-15,115,N,VIIRS,n,2.0NRT,287.86,0.83,N
12.08776,-8.73123,307.07,0.63,0.72,2024-11-15,115,N,VIIRS,n,2.0NRT,287.51,1.34,N
12.19911,0.44971,305.14,0.48,0.4,2024-11-15,115,N,VIIRS,n,2.0NRT,293.31,0.76,N
12.19975,0.44526,306.2,0.48,0.4,2024-11-15,115,N,VIIRS,n,2.0NRT,294.2,1.47,N
12.20901,5.47131,309.69,0.4,0.37,2024-11-15,115,N,VIIRS,n,2.0NRT,290.2,0.8,N
12.23753,12.99695,298.44,0.35,0.56,2024-11-15,115,N,VIIRS,n,2.0NRT,286.34,0.81,N
12.24331,12.9948,306.56,0.35,0.56,2024-11-15,115,N,VIIRS,n,2.0NRT,286.87,1.38,N
12.25422,5.54231,300.88,0.4,0.37,2024-11-15,115,N,VIIRS,n,2.0NRT,290.52,0.46,N
12.26185,5.85875,303.98,0.41,0.37,2024-11-15,115,N,VIIRS,n,2.0NRT,290.91,0.81,N
12.27688,14.23453,297.52,0.42,0.61,2024-11-15,115,N,VIIRS,n,2.0NRT,287.02,0.31,N
12.28171,2.54566,303.9,0.4,0.37,2024-11-15,115,N,VIIRS,n,2.0NRT,291.72,0.78,N
12.28296,-9.67702,302.1,0.73,0.76,2024-11-15,115,N,VIIRS,n,2.0NRT,285.83,0.86,N
12.28396,14.22798,304.61,0.42,0.61,2024-11-15,115,N,VIIRS,n,2.0NRT,287.33,0.7,N
12.28623,14.23073,316.32,0.42,0.61,2024-11-15,115,N,VIIRS,n,2.0NRT,286.04,1.25,N
12.28955,14.22914,299.08,0.42,0.61,2024-11-15,115,N,VIIRS,n,2.0NRT,284.8,0.7,N
12.29142,12.85426,303.31,0.34,0.56,2024-11-15,115,N,VIIRS,n,2.0NRT,288.17,1.19,N
12.29319,12.84492,305.57,0.34,0.56,2024-11-15,115,N,VIIRS,n,2.0NRT,286.9,1.07,N
12.29654,12.85529,309.64,0.34,0.56,2024-11-15,115,N,VIIRS,n,2.0NRT,287.26,0.75,N
12.30466,13.79522,302.15,0.39,0.59,2024-11-15,115,N,VIIRS,n,2.0NRT,288.28,1.02,N
12.3101,13.79633,308.62,0.39,0.59,2024-11-15,115,N,VIIRS,n,2.0NRT,287.74,0.82,N
12.31551,-8.68337,301.41,0.63,0.72,2024-11-15,115,N,VIIRS,n,2.0NRT,288.7,1.5,N
12.35094,12.96728,298.83,0.34,0.56,2024-11-15,115,N,VIIRS,n,2.0NRT,285.74,0.37,N
12.35945,13.03486,301.52,0.35,0.56,2024-11-15,115,N,VIIRS,n,2.0NRT,287.52,1.04,N
12.36005,13.03167,323.51,0.35,0.56,2024-11-15,115,N,VIIRS,n,2.0NRT,289.97,1.26,N
12.36066,13.02848,306.77,0.35,0.56,2024-11-15,115,N,VIIRS,n,2.0NRT,288.8,1.26,N
12.36203,17.50691,298.34,0.68,0.74,2024-11-15,115,N,VIIRS,n,2.0NRT,287.87,1.22,N
12.36522,13.03271,301.15,0.35,0.56,2024-11-15,115,N,VIIRS,n,2.0NRT,288.05,1.26,N
12.37495,13.03798,297.44,0.35,0.56,2024-11-15,115,N,VIIRS,n,2.0NRT,286.65,0.49,N
12.37556,13.0348,305.67,0.35,0.56,2024-11-15,115,N,VIIRS,n,2.0NRT,287.49,0.81,N
12.37591,17.50326,299.47,0.68,0.74,2024-11-15,115,N,VIIRS,n,2.0NRT,288.03,1.5,N
12.42093,13.33695,296.34,0.36,0.58,2024-11-15,115,N,VIIRS,n,2.0NRT,284.38,0.8,N
12.42157,13.33362,315.12,0.36,0.58,2024-11-15,115,N,VIIRS,n,2.0NRT,285.75,0.8,N
12.45214,-8.99268,304.4,0.66,0.73,2024-11-15,115,N,VIIRS,n,2.0NRT,288.65,0.92,N
12.45335,-8.99222,303.78,0.66,0.73,2024-11-15,115,N,VIIRS,n,2.0NRT,288.72,1.14,N
12.4604,7.42401,316.05,0.47,0.4,2024-11-15,115,N,VIIRS,n,2.0NRT,291.32,1.89,N
12.46691,7.42957,300.27,0.47,0.4,2024-11-15,115,N,VIIRS,n,2.0NRT,290.21,0.4,N
12.47903,5.36656,305.22,0.4,0.37,2024-11-15,115,N,VIIRS,n,2.0NRT,290.35,0.9,N
12.56384,-7.95438,300.52,0.57,0.69,2024-11-15,115,N,VIIRS,n,2.0NRT,288.73,0.56,N
12.57249,-9.51864,306.26,0.72,0.75,2024-11-15,115,N,VIIRS,n,2.0NRT,287.07,1.62,N
12.63951,0.57044,302.85,0.48,0.4,2024-11-15,115,N,VIIRS,n,2.0NRT,291.33,0.38,N
12.66887,13.41756,298.02,0.36,0.58,2024-11-15,115,N,VIIRS,n,2.0NRT,286.94,0.78,N
12.67807,6.30426,315.3,0.42,0.38,2024-11-15,115,N,VIIRS,n,2.0NRT,293.21,1.09,N
12.68214,6.30104,303.55,0.42,0.38,2024-11-15,115,N,VIIRS,n,2.0NRT,293.52,0.88,N
12.70839,-2.93022,308.35,0.52,0.5,2024-11-15,115,N,VIIRS,n,2.0NRT,291.98,2.2,N
12.7124,-2.92472,311.23,0.52,0.5,2024-11-15,115,N,VIIRS,n,2.0NRT,292.08,1.73,N
12.78678,-0.36661,313.35,0.54,0.42,2024-11-15,115,N,VIIRS,n,2.0NRT,292.35,1.25,N
12.78722,-0.36893,313.9,0.54,0.42,2024-11-15,115,N,VIIRS,n,2.0NRT,292.9,2.06,N
12.79068,-0.36603,305.55,0.54,0.42,2024-11-15,115,N,VIIRS,n,2.0NRT,293.27,1.25,N
12.79623,12.95561,324.81,0.34,0.56,2024-11-15,115,N,VIIRS,n,2.0NRT,288.98,1.91,N
12.84691,13.3402,310.38,0.36,0.57,2024-11-15,115,N,VIIRS,n,2.0NRT,287.61,1.16,N
12.85365,-3.27769,310.88,0.56,0.51,2024-11-15,115,N,VIIRS,n,2.0NRT,292.51,1.77,N
12.85435,-3.27622,307.95,0.56,0.51,2024-11-15,115,N,VIIRS,n,2.0NRT,292.39,1.98,N
12.87317,16.80957,306.39,0.6,0.71,2024-11-15,115,N,VIIRS,n,2.0NRT,286.66,1.48,N
12.9149,5.20553,308.62,0.39,0.36,2024-11-15,115,N,VIIRS,n,2.0NRT,293.05,0.76,N
12.96827,13.60221,295.97,0.37,0.58,2024-11-15,115,N,VIIRS,n,2.0NRT,285.95,0.34,N
12.9769,13.58633,299.22,0.37,0.58,2024-11-15,115,N,VIIRS,n,2.0NRT,286.91,0.38,N
12.98534,-0.10163,307.47,0.53,0.42,2024-11-15,115,N,VIIRS,n,2.0NRT,292.32,0.88,N
12.9875,13.56036,298.87,0.37,0.58,2024-11-15,115,N,VIIRS,n,2.0NRT,287.29,0.53,N
13.02749,13.46766,305.6,0.36,0.57,2024-11-15,115,N,VIIRS,n,2.0NRT,289.98,1.07,N
13.0321,13.47207,324.01,0.36,0.57,2024-11-15,115,N,VIIRS,n,2.0NRT,290.24,8.66,N
13.03274,13.46874,367,0.36,0.57,2024-11-15,115,N,VIIRS,h,2.0NRT,299.42,10.05,N
13.038,13.46981,306.8,0.36,0.57,2024-11-15,115,N,VIIRS,n,2.0NRT,289.81,10.05,N
13.05567,5.17358,315,0.39,0.36,2024-11-15,115,N,VIIRS,n,2.0NRT,295.71,1.15,N
13.05699,5.22899,329.54,0.39,0.36,2024-11-15,115,N,VIIRS,n,2.0NRT,293.65,1.88,N
13.05725,5.65308,320.55,0.4,0.37,2024-11-15,115,N,VIIRS,n,2.0NRT,290.69,1.9,N
13.0588,5.65287,310.38,0.4,0.37,2024-11-15,115,N,VIIRS,n,2.0NRT,289.74,0.69,N
13.059,5.17414,306.65,0.39,0.36,2024-11-15,115,N,VIIRS,n,2.0NRT,294.8,1.15,N
13.05957,5.17057,307.36,0.39,0.36,2024-11-15,115,N,VIIRS,n,2.0NRT,293.37,1.15,N
13.09731,7.37887,302,0.46,0.39,2024-11-15,115,N,VIIRS,n,2.0NRT,291.87,0.78,N
13.15456,13.58702,296.77,0.36,0.58,2024-11-15,115,N,VIIRS,n,2.0NRT,285.1,0.82,N
13.16102,-1.36467,315.66,0.42,0.45,2024-11-15,115,N,VIIRS,n,2.0NRT,293.24,1.63,N
13.26598,-8.77464,307.28,0.65,0.73,2024-11-15,115,N,VIIRS,n,2.0NRT,290.07,2.15,N
13.2679,-8.77753,301.53,0.66,0.73,2024-11-15,115,N,VIIRS,n,2.0NRT,289.2,0.97,N
13.32787,-0.644,309.78,0.57,0.43,2024-11-15,115,N,VIIRS,n,2.0NRT,291.26,1.14,N
13.33187,-0.64344,304.44,0.57,0.43,2024-11-15,115,N,VIIRS,n,2.0NRT,291.27,1.14,N
13.36185,-0.94961,300.73,0.4,0.44,2024-11-15,115,N,VIIRS,n,2.0NRT,290.67,0.73,N
13.3746,-0.95151,302.6,0.4,0.44,2024-11-15,115,N,VIIRS,n,2.0NRT,291.74,0.98,N
13.37963,-8.66519,312,0.65,0.73,2024-11-15,115,N,VIIRS,n,2.0NRT,288.81,2.42,N
13.38125,-8.66553,312.42,0.65,0.73,2024-11-15,115,N,VIIRS,n,2.0NRT,288.89,1.97,N
13.38328,-0.95403,307.14,0.4,0.44,2024-11-15,115,N,VIIRS,n,2.0NRT,291.82,1.23,N
13.39709,-1.70838,308.36,0.45,0.47,2024-11-15,115,N,VIIRS,n,2.0NRT,293.7,1.03,N
13.39919,-1.70894,307.02,0.45,0.47,2024-11-15,115,N,VIIRS,n,2.0NRT,293.27,1.29,N
13.39972,-1.71309,327.01,0.45,0.47,2024-11-15,115,N,VIIRS,n,2.0NRT,294.14,2.42,N
13.40026,-1.71724,310.73,0.45,0.47,2024-11-15,115,N,VIIRS,n,2.0NRT,292.09,2.42,N
13.40457,-1.71667,328.82,0.45,0.47,2024-11-15,115,N,VIIRS,n,2.0NRT,293.56,3.55,N
13.40745,-9.89346,315.23,0.78,0.78,2024-11-15,115,N,VIIRS,n,2.0NRT,289.43,2.94,N
13.40945,-9.89792,307.05,0.78,0.78,2024-11-15,115,N,VIIRS,n,2.0NRT,289.26,3,N
13.43613,-2.80194,310.52,0.53,0.5,2024-11-15,115,N,VIIRS,n,2.0NRT,291.83,1.16,N
13.43674,-2.80685,310.93,0.53,0.5,2024-11-15,115,N,VIIRS,n,2.0NRT,292.59,2.61,N
13.43756,-2.80371,322.61,0.53,0.5,2024-11-15,115,N,VIIRS,n,2.0NRT,292.84,2.05,N
13.43822,-2.80861,303.18,0.53,0.5,2024-11-15,115,N,VIIRS,n,2.0NRT,292.14,2.05,N
13.44014,-2.79637,304.3,0.53,0.5,2024-11-15,115,N,VIIRS,n,2.0NRT,292.14,1.16,N
13.44076,-2.80127,312.2,0.53,0.5,2024-11-15,115,N,VIIRS,n,2.0NRT,291.84,1.16,N
13.44756,6.56624,305.99,0.42,0.38,2024-11-15,115,N,VIIRS,n,2.0NRT,292.14,1.64,N
13.44887,6.56949,317.19,0.42,0.38,2024-11-15,115,N,VIIRS,n,2.0NRT,292.53,1.03,N
13.44952,6.56564,308.02,0.42,0.38,2024-11-15,115,N,VIIRS,n,2.0NRT,292.48,1.03,N
13.45101,6.56684,322.47,0.42,0.38,2024-11-15,115,N,VIIRS,n,2.0NRT,293.28,1.64,N
13.45232,6.57009,307.25,0.42,0.38,2024-11-15,115,N,VIIRS,n,2.0NRT,292.22,1.03,N
13.51694,-2.77094,301.96,0.52,0.5,2024-11-15,115,N,VIIRS,n,2.0NRT,285.38,1.21,N
13.52031,-2.77279,298.95,0.53,0.5,2024-11-15,115,N,VIIRS,n,2.0NRT,275.89,1.74,N
13.53353,-8.24319,307.8,0.61,0.71,2024-11-15,115,N,VIIRS,n,2.0NRT,290.7,1.9,N
13.53594,-8.24262,312.75,0.61,0.71,2024-11-15,115,N,VIIRS,n,2.0NRT,291.15,2.01,N
13.54407,5.67736,313.97,0.4,0.37,2024-11-15,115,N,VIIRS,n,2.0NRT,294.79,1.3,N
13.54564,5.68887,309.49,0.4,0.37,2024-11-15,115,N,VIIRS,n,2.0NRT,294.8,1.05,N
13.54742,5.67792,316.19,0.4,0.37,2024-11-15,115,N,VIIRS,n,2.0NRT,295.49,1.3,N
13.55019,5.68214,336.5,0.4,0.37,2024-11-15,115,N,VIIRS,n,2.0NRT,296.42,3.64,N
13.58595,-3.33931,302.83,0.57,0.52,2024-11-15,115,N,VIIRS,n,2.0NRT,291.01,1.87,N
13.63087,-1.54153,321.31,0.44,0.46,2024-11-15,115,N,VIIRS,n,2.0NRT,295.55,2.87,N
13.63142,-1.54567,315.82,0.44,0.46,2024-11-15,115,N,VIIRS,n,2.0NRT,295.99,2.87,N
13.63459,-1.53685,322.88,0.44,0.46,2024-11-15,115,N,VIIRS,n,2.0NRT,295.65,2.7,N
13.63513,-1.54095,328.53,0.44,0.46,2024-11-15,115,N,VIIRS,n,2.0NRT,296.49,2.87,N
13.63886,-1.5363,330.98,0.44,0.46,2024-11-15,115,N,VIIRS,n,2.0NRT,295.88,3.69,N
13.71144,-9.94742,299.56,0.79,0.78,2024-11-15,115,N,VIIRS,n,2.0NRT,287.75,1.66,N
13.71803,-9.93915,298.9,0.79,0.78,2024-11-15,115,N,VIIRS,n,2.0NRT,287.21,1.66,N
13.71817,-9.94432,323.16,0.79,0.78,2024-11-15,115,N,VIIRS,n,2.0NRT,287.39,5.73,N
13.71877,-9.94674,314.26,0.79,0.78,2024-11-15,115,N,VIIRS,n,2.0NRT,287.49,1.66,N
13.79672,-8.45866,298.86,0.63,0.72,2024-11-15,115,N,VIIRS,n,2.0NRT,288.3,1.39,N
13.804,-2.32598,310.44,0.5,0.49,2024-11-15,115,N,VIIRS,n,2.0NRT,291.97,2.05,N
13.80849,-2.32526,322.07,0.5,0.49,2024-11-15,115,N,VIIRS,n,2.0NRT,294.97,2.05,N
13.82887,-9.72774,304.55,0.77,0.77,2024-11-15,115,N,VIIRS,n,2.0NRT,288.6,2,N
13.83099,-8.9025,299.22,0.68,0.74,2024-11-15,115,N,VIIRS,n,2.0NRT,288.46,1.04,N
13.83115,-9.72856,304.62,0.77,0.77,2024-11-15,115,N,VIIRS,n,2.0NRT,288.85,1.16,N
14.03766,-9.87144,313.41,0.79,0.78,2024-11-15,115,N,VIIRS,n,2.0NRT,288.39,3.15,N
14.0388,-9.87259,311.79,0.79,0.78,2024-11-15,115,N,VIIRS,n,2.0NRT,288.41,3.5,N
14.28209,-7.62082,304.06,0.57,0.69,2024-11-15,115,N,VIIRS,n,2.0NRT,290.22,1.33,N
14.2879,-7.61432,306,0.56,0.69,2024-11-15,115,N,VIIRS,n,2.0NRT,291.96,2.6,N
14.28862,-7.61473,305.08,0.57,0.69,2024-11-15,115,N,VIIRS,n,2.0NRT,292.15,2.68,N
14.37368,-0.55099,304.27,0.39,0.44,2024-11-15,115,N,VIIRS,n,2.0NRT,290.57,1.13,N
14.37673,-0.54319,303.75,0.39,0.44,2024-11-15,115,N,VIIRS,n,2.0NRT,289.96,2.11,N
14.37722,-0.5468,335.72,0.39,0.44,2024-11-15,115,N,VIIRS,n,2.0NRT,291.74,2.11,N
14.37772,-0.55042,311.06,0.39,0.44,2024-11-15,115,N,VIIRS,n,2.0NRT,290.56,1.13,N
14.41155,-7.34777,299.1,0.54,0.68,2024-11-15,115,N,VIIRS,n,2.0NRT,288.83,0.8,N
14.48195,-0.93111,312.27,0.41,0.45,2024-11-15,115,N,VIIRS,n,2.0NRT,289.5,1.2,N
14.50587,5.41162,306.7,0.39,0.36,2024-11-15,115,N,VIIRS,n,2.0NRT,294.11,0.45,N
14.52807,-0.89723,311.83,0.41,0.45,2024-11-15,115,N,VIIRS,n,2.0NRT,293.04,1.14,N
14.52858,-0.90106,312.22,0.41,0.45,2024-11-15,115,N,VIIRS,n,2.0NRT,293.8,1.59,N
14.57882,-0.92915,309.58,0.41,0.45,2024-11-15,115,N,VIIRS,n,2.0NRT,294.65,0.98,N
14.58049,-0.93005,307.53,0.41,0.45,2024-11-15,115,N,VIIRS,n,2.0NRT,294.66,0.9,N
14.60548,-6.67181,307.31,0.49,0.65,2024-11-15,115,N,VIIRS,n,2.0NRT,289.07,0.72,N
14.606,-6.6765,299.37,0.49,0.65,2024-11-15,115,N,VIIRS,n,2.0NRT,289.3,0.72,N
14.66345,-8.45193,299.43,0.65,0.73,2024-11-15,115,N,VIIRS,n,2.0NRT,287.78,0.71,N
14.75943,-2.05291,307.88,0.49,0.49,2024-11-15,115,N,VIIRS,n,2.0NRT,289.36,0.97,N
14.85206,-3.80356,320.8,0.32,0.55,2024-11-15,115,N,VIIRS,n,2.0NRT,296.83,2.3,N
15.14842,-2.29786,316.31,0.51,0.5,2024-11-15,115,N,VIIRS,n,2.0NRT,292.4,2.2,N
15.24551,-6.21868,306.98,0.47,0.64,2024-11-15,115,N,VIIRS,n,2.0NRT,290.06,1.27,N
15.25051,-6.20906,307.6,0.47,0.64,2024-11-15,115,N,VIIRS,n,2.0NRT,291.02,1.75,N
15.25099,-6.21354,302.06,0.47,0.64,2024-11-15,115,N,VIIRS,n,2.0NRT,290.96,1.27,N
15.25147,-6.21801,310.99,0.47,0.64,2024-11-15,115,N,VIIRS,n,2.0NRT,291.73,1.27,N
15.25291,-6.23144,303.76,0.47,0.64,2024-11-15,115,N,VIIRS,n,2.0NRT,290.58,1.4,N
15.26001,-6.18539,310.71,0.47,0.64,2024-11-15,115,N,VIIRS,n,2.0NRT,291.78,2.14,N
15.2719,-6.18399,314.75,0.47,0.64,2024-11-15,115,N,VIIRS,n,2.0NRT,291.16,1.63,N
15.31091,-6.17921,302.93,0.47,0.64,2024-11-15,115,N,VIIRS,n,2.0NRT,290.43,1.72,N
15.31351,-6.17896,303.86,0.47,0.64,2024-11-15,115,N,VIIRS,n,2.0NRT,290.39,1.15,N
15.31436,-0.38526,317.87,0.39,0.44,2024-11-15,115,N,VIIRS,n,2.0NRT,293.99,1.25,N
15.3184,-0.38465,315.11,0.39,0.44,2024-11-15,115,N,VIIRS,n,2.0NRT,293.77,1.07,N
15.3252,-0.31322,309.04,0.39,0.44,2024-11-15,115,N,VIIRS,n,2.0NRT,292.02,0.85,N
15.33364,-0.34512,303.62,0.39,0.44,2024-11-15,115,N,VIIRS,n,2.0NRT,293.1,0.43,N
15.33752,-0.40414,313.29,0.39,0.44,2024-11-15,115,N,VIIRS,n,2.0NRT,294.05,1.27,N
15.52798,-0.46901,303.53,0.4,0.44,2024-11-15,115,N,VIIRS,n,2.0NRT,291.94,1.1,N
15.52848,-0.47274,319.7,0.4,0.44,2024-11-15,115,N,VIIRS,n,2.0NRT,293.2,2.53,N
15.52897,-0.47646,303.74,0.4,0.44,2024-11-15,115,N,VIIRS,n,2.0NRT,292.64,2.53,N
15.53256,-0.47215,333.86,0.4,0.44,2024-11-15,115,N,VIIRS,n,2.0NRT,292.44,2.53,N
15.53305,-0.47588,342.99,0.4,0.44,2024-11-15,115,N,VIIRS,n,2.0NRT,294.28,2.53,N
15.53354,-0.4796,352.68,0.4,0.44,2024-11-15,115,N,VIIRS,n,2.0NRT,295.56,5.61,N
15.53404,-0.48333,305.49,0.4,0.44,2024-11-15,115,N,VIIRS,n,2.0NRT,290.68,5.61,N
3.46441,5.56322,310.98,0.48,0.4,2024-11-15,117,N,VIIRS,n,2.0NRT,280.7,1.23,N
4.52859,6.63054,302.61,0.53,0.42,2024-11-15,117,N,VIIRS,n,2.0NRT,277.46,1.29,N
4.65505,6.61361,306.4,0.53,0.42,2024-11-15,117,N,VIIRS,n,2.0NRT,278.13,0.75,N
4.65628,6.61601,304.58,0.53,0.42,2024-11-15,117,N,VIIRS,n,2.0NRT,277.61,0.73,N
4.8941,7.11837,311.88,0.56,0.43,2024-11-15,117,N,VIIRS,n,2.0NRT,253.89,1.96,N
4.92937,7.01813,298.57,0.56,0.43,2024-11-15,117,N,VIIRS,n,2.0NRT,269.05,0.66,N
4.93021,7.01313,302.15,0.56,0.43,2024-11-15,117,N,VIIRS,n,2.0NRT,270.3,0.66,N
4.93087,7.01572,307.06,0.56,0.43,2024-11-15,117,N,VIIRS,n,2.0NRT,269.92,1.35,N
4.93212,6.97764,299.98,0.55,0.43,2024-11-15,117,N,VIIRS,n,2.0NRT,270.05,0.79,N
4.93334,6.97515,303.7,0.55,0.43,2024-11-15,117,N,VIIRS,n,2.0NRT,270.2,1.08,N
4.98144,7.11965,314.49,0.56,0.43,2024-11-15,117,N,VIIRS,n,2.0NRT,261.02,1.18,N
5.35702,4.34113,307.52,0.41,0.37,2024-11-15,117,N,VIIRS,n,2.0NRT,290.63,3.42,N
5.35991,4.34166,320.15,0.41,0.37,2024-11-15,117,N,VIIRS,n,2.0NRT,291.06,4.38,N
5.38666,4.59059,306.27,0.42,0.38,2024-11-15,117,N,VIIRS,n,2.0NRT,270.49,1.32,N
5.52315,5.46653,330.23,0.45,0.39,2024-11-15,117,N,VIIRS,n,2.0NRT,291.78,4.5,N
5.52673,5.46711,313.33,0.45,0.39,2024-11-15,117,N,VIIRS,n,2.0NRT,291.4,1.33,N
5.55822,5.07251,324.31,0.43,0.38,2024-11-15,117,N,VIIRS,n,2.0NRT,268.68,1.21,N
5.61361,5.20144,323.46,0.44,0.38,2024-11-15,117,N,VIIRS,n,2.0NRT,292.02,2.95,N
5.63333,6.66992,303.47,0.52,0.41,2024-11-15,117,N,VIIRS,n,2.0NRT,271.5,0.87,N
5.63714,6.67055,297.84,0.52,0.41,2024-11-15,117,N,VIIRS,n,2.0NRT,272,0.39,N
5.6845,6.36108,304.53,0.5,0.41,2024-11-15,117,N,VIIRS,n,2.0NRT,272.76,1.24,N
5.68534,6.35891,303.34,0.5,0.41,2024-11-15,117,N,VIIRS,n,2.0NRT,273.02,1.34,N
5.68619,5.37613,305.13,0.45,0.39,2024-11-15,117,N,VIIRS,n,2.0NRT,290.41,0.67,N
5.68974,5.37671,306.6,0.45,0.39,2024-11-15,117,N,VIIRS,n,2.0NRT,290.65,0.67,N
5.72145,6.49015,305.9,0.51,0.41,2024-11-15,117,N,VIIRS,n,2.0NRT,281.5,0.91,N
5.72928,6.65696,313.9,0.52,0.41,2024-11-15,117,N,VIIRS,n,2.0NRT,277.03,1.78,N
5.7319,6.65968,307.47,0.52,0.41,2024-11-15,117,N,VIIRS,n,2.0NRT,276.34,1.3,N
5.78276,5.42763,308.34,0.45,0.39,2024-11-15,117,N,VIIRS,n,2.0NRT,283.97,0.78,N
5.83175,5.25938,312.93,0.44,0.38,2024-11-15,117,N,VIIRS,n,2.0NRT,279.97,0.74,N
5.89877,5.58242,309.87,0.45,0.39,2024-11-15,117,N,VIIRS,n,2.0NRT,276.12,1.44,N
5.90235,5.58299,318.45,0.45,0.39,2024-11-15,117,N,VIIRS,n,2.0NRT,276.96,1.44,N
5.9238,5.31377,307.28,0.44,0.38,2024-11-15,117,N,VIIRS,n,2.0NRT,285.02,1.21,N
6.01369,5.86642,298.03,0.47,0.39,2024-11-15,117,N,VIIRS,n,2.0NRT,266.57,0.53,N
6.06574,5.43751,308.59,0.45,0.39,2024-11-15,117,N,VIIRS,n,2.0NRT,266.9,1.08,N
6.40995,5.68015,302.03,0.45,0.39,2024-11-15,117,N,VIIRS,n,2.0NRT,276.93,0.87,N
6.44142,4.04989,307.74,0.4,0.37,2024-11-15,117,N,VIIRS,n,2.0NRT,276.29,0.66,N
6.48416,3.99806,310.6,0.4,0.37,2024-11-15,117,N,VIIRS,n,2.0NRT,278.96,1.22,N
6.94986,3.62262,297.48,0.39,0.36,2024-11-15,117,N,VIIRS,n,2.0NRT,274.57,0.56,N
7.4696,6.66022,304.82,0.49,0.4,2024-11-15,117,N,VIIRS,n,2.0NRT,286.27,0.73,N
8.5461,-1.06399,305.45,0.53,0.42,2024-11-15,117,N,VIIRS,n,2.0NRT,291.52,0.92,N
-20.9514,164.68959,329.51,0.63,0.54,2024-11-15,204,N,VIIRS,n,2.0NRT,287.26,5.57,D
-20.95075,164.69582,326.53,0.63,0.54,2024-11-15,204,N,VIIRS,n,2.0NRT,287.21,5.57,D
-20.9463,164.68918,332.8,0.63,0.54,2024-11-15,204,N,VIIRS,n,2.0NRT,294.4,110.71,D
-20.94567,164.69537,350.06,0.63,0.54,2024-11-15,204,N,VIIRS,n,2.0NRT,289.49,110.71,D
-20.94053,164.69537,332.78,0.63,0.54,2024-11-15,204,N,VIIRS,n,2.0NRT,284.3,110.71,D
-17.53208,177.9507,344.75,0.39,0.44,2024-11-15,204,N,VIIRS,n,2.0NRT,300.93,3.15,D
-17.49036,177.93161,337.67,0.39,0.44,2024-11-15,204,N,VIIRS,n,2.0NRT,302.6,3.33,D
-17.48978,177.93478,337.17,0.39,0.44,2024-11-15,204,N,VIIRS,n,2.0NRT,300.33,3.33,D
54.42426,-126.66158,337.46,0.5,0.7,2024-11-14,1941,N,VIIRS,n,2.0URT,269.28,5.01,D
32.11585,-116.24398,363.18,0.33,0.55,11/14/2024,4,N,VIIRS,n,2.0NRT,276.38,6.2,N
32.28574,-117.72074,348.64,0.52,0.66,11/14/2024,11,N,VIIRS,n,2.0NRT,283.57,4.88,N
32.43864,-116.00492,331.69,0.34,0.37,11/14/2024,21,N,VIIRS,n,2.0NRT,277.19,5.21,N
32.59689,-116.7221,338.85,0.36,0.67,11/14/2024,16,N,VIIRS,n,2.0NRT,285.79,6.34,N
32.84432,-117.87294,322.48,0.7,0.57,11/14/2024,0,N,VIIRS,n,2.0NRT,294.42,6.96,N
32.90745,-116.09237,358.06,0.41,0.56,11/14/2024,20,N,VIIRS,n,2.0NRT,278.57,7.34,N
33.30959,-111.40658,364.75,0.53,0.58,11/14/2024,18,N,VIIRS,n,2.0NRT,289.96,0.93,N
33.33262,-111.02872,310.39,0.46,0.37,11/14/2024,8,N,VIIRS,n,2.0NRT,282.58,7.89,N
33.36057,-117.7709,358.7,0.6,0.67,11/14/2024,5,N,VIIRS,n,2.0NRT,281.8,2.7,N
33.83699,-116.80211,330.18,0.34,0.5,11/14/2024,7,N,VIIRS,n,2.0NRT,294.71,6.55,N
33.88626,-110.2773,334.62,0.32,0.77,11/14/2024,7,N,VIIRS,n,2.0NRT,291.72,7.77,N
33.95358,-110.16123,333.24,0.32,0.56,11/14/2024,2,N,VIIRS,n,2.0NRT,292.03,1.01,N
34.35043,-111.52959,303.63,0.66,0.45,11/14/2024,13,N,VIIRS,n,2.0NRT,286.89,5.15,N
34.60119,-111.78146,308.79,0.51,0.41,11/14/2024,2,N,VIIRS,n,2.0NRT,278.67,3.97,N
34.85304,-110.42974,315.54,0.58,0.66,11/14/2024,15,N,VIIRS,n,2.0NRT,290.67,5.46,N
37.1348,-106.93717,318.79,0.51,0.47,11/14/2024,23,N,VIIRS,n,2.0NRT,284.71,4.54,N
37.44939,-106.32383,337.36,0.39,0.44,11/14/2024,7,N,VIIRS,n,2.0NRT,276.42,5.23,N
37.7086,-106.1778,357.2,0.32,0.62,11/14/2024,23,N,VIIRS,n,2.0NRT,287.92,0.95,N
38.3195,-105.1063,306.89,0.51,0.6,11/14/2024,23,N,VIIRS,n,2.0NRT,294.29,7.47,N
38.37974,-105.5741,323.73,0.57,0.51,11/14/2024,7,N,VIIRS,n,2.0NRT,292.99,3.89,N
38.87103,-105.85791,329.03,0.61,0.69,11/14/2024,13,N,VIIRS,n,2.0NRT,278.81,1.23,N
40.22266,-122.5169,312.63,0.36,0.39,11/14/2024,18,N,VIIRS,n,2.0NRT,289.81,4.59,N
40.31096,-122.08557,319.23,0.34,0.39,11/14/2024,1,N,VIIRS,n,2.0NRT,291.95,5.03,N
40.53548,-123.57803,362.89,0.65,0.48,11/14/2024,20,N,VIIRS,n,2.0NRT,288.11,3.47,N
40.76025,-123.09318,355.06,0.37,0.5,11/14/2024,21,N,VIIRS,n,2.0NRT,288.4,5.76,N
40.83904,-123.10158,315.03,0.65,0.67,11/14/2024,8,N,VIIRS,n,2.0NRT,278.19,3.67,N
40.84384,-123.94041,310.74,0.5,0.36,11/14/2024,17,N,VIIRS,n,2.0NRT,278.98,5.37,N
41.1547,-122.59086,298.3,0.39,0.47,11/14/2024,3,N,VIIRS,n,2.0NRT,276.6,2.25,N
41.29607,-122.78174,307.32,0.59,0.42,11/14/2024,20,N,VIIRS,n,2.0NRT,282.59,7.92,N
41.37632,-123.56077,318.35,0.61,0.37,11/14/2024,12,N,VIIRS,n,2.0NRT,291.44,6.54,N
41.45946,-122.92754,365.06,0.45,0.58,11/14/2024,11,N,VIIRS,n,2.0NRT,291.59,5.14,N
43.14652,-123.57369,314.09,0.67,0.72,11/14/2024,5,N,VIIRS,n,2.0NRT,292.59,3.27,N
43.1846,-123.15285,314.92,0.3,0.67,11/14/2024,23,N,VIIRS,n,2.0NRT,287.74,2.46,N
43.56351,-123.57874,319.69,0.57,0.71,11/14/2024,1,N,VIIRS,n,2.0NRT,285.11,2.38,N
43.59876,-122.67322,362.6,0.35,0.4,11/14/2024,8,N,VIIRS,n,2.0NRT,277.14,4.65,N
43.87637,-122.91356,316.78,0.69,0.69,11/14/2024,17,N,VIIRS,n,2.0NRT,285.58,5.51,N
43.88367,-122.58867,335.39,0.34,0.75,11/14/2024,1,N,VIIRS,n,2.0NRT,288.82,1.62,N
44.16734,-122.95443,362.3,0.38,0.65,11/14/2024,21,N,VIIRS,n,2.0NRT,279.77,3.47,N
44.291,-123.08555,361.89,0.67,0.35,11/14/2024,3,N,VIIRS,n,2.0NRT,287.42,4.72,N
44.66919,-122.83498,305.66,0.35,0.48,11/14/2024,1,N,VIIRS,n,2.0NRT,292.98,6.47,N
44.79785,-123.57985,312.97,0.34,0.68,11/14/2024,19,N,VIIRS,n,2.0NRT,292.68,3.55,N
45.07651,-113.80686,319.89,0.61,0.53,11/14/2024,18,N,VIIRS,n,2.0NRT,294.68,1.37,N
45.21619,-113.25567,356.82,0.39,0.69,11/14/2024,7,N,VIIRS,n,2.0NRT,284.21,2.79,N
45.30911,-113.14024,357.25,0.69,0.69,11/14/2024,23,N,VIIRS,n,2.0NRT,292.63,0.69,N
45.38016,-114.91123,326.4,0.51,0.69,11/14/2024,23,N,VIIRS,n,2.0NRT,288.74,7.55,N
45.44585,-113.67993,323.69,0.41,0.38,11/14/2024,16,N,VIIRS,n,2.0NRT,290.47,3.13,N
45.79936,-113.0377,333.61,0.68,0.4,11/14/2024,8,N,VIIRS,n,2.0NRT,294.41,1.84,N
46.34126,-114.27156,300.04,0.57,0.49,11/14/2024,23,N,VIIRS,n,2.0NRT,281.28,6.86,N
46.80009,-113.98575,343.02,0.43,0.64,11/14/2024,21,N,VIIRS,n,2.0NRT,286.09,1.94,N
46.84897,-113.43523,324.64,0.57,0.66,11/14/2024,22,N,VIIRS,n,2.0NRT,279.96,1.69,N
46.88073,-113.64536,360.0,0.55,0.48,11/14/2024,9,N,VIIRS,n,2.0NRT,285.96,0.5,N